H2,2.01410177785,13.13572158,1.112283,S,0,0.1
H3,3.01604927767,14.949806,2.827266,β-12.31y,8.139e-31,356200000000000
H4,4.027806424,25.901518,1.400351,n1e-10ps,3.2,743999999999999957880627836080285319602110464
H5,5.035311488,32.89244,1.33636,n8.0e-11ps,4,999999999999999929757289024535551219930759168
H6,6.044942594,41.863757,0.963633,n2.90e-10ps,1.57,238000000000000003564644391491131614290771968
H7,7.052749,49.135,0.9401,n2.3e-11ps,20,2600000000000000070899071509438313471160614912
He3,3.01602931914,14.93121475,2.572681,S,0,0
He4,4.00260325415,2.42491565,7.073915,S,0,0
He5,5.012223624,11.386233,5.481132,n7.60e-10ps,0.416,109999999999999997819273168697414265740460032
He6,6.018889124,17.595106,4.878017,β-806.7ms,5.656e-22,85959999999999997902848
He7,7.028020618,26.101038,4.11907,n3.04e-9ps,0.104,19500000000000000333672630035126507049844736
He8,8.033921897,31.598044,3.925975,β-119ms,3.83e-21,435999999999999991611392
He9,9.043950286,40.939429,3.348637,n7.0e-9ps,0.065,6700000000000000254311523469906882154463232
He10,10.052398837,48.809203,3.033927,n1.52e-9ps,0.208,27299999999999998486437619192568670031183872
Li4,4.027185558,25.323185,1.153761,p7.57e-11ps,4.18,1369999999999999938627877469890013712464478208
Li5,5.0125378,11.678886,5.266132,p3.0e-10ps,1,270000000000000000049227040048039851831853056
Li6,6.015122794,14.086793,5.332345,S,0,0
Li7,7.016004548,14.908141,5.606291,S,0,0
Li8,8.022487362,20.946844,5.159582,β-α839.9ms,3.765e-22,61949999999999996329984
Li9,9.026789505,24.954264,5.037839,β-n178.3ms,2.559e-21,259399999999999997902848
Li10,10.035481259,33.050581,4.531555,n2.0e-9ps,0.23,21000000000000000168887441686231580684582912
Li11,11.043797715,40.79731,4.149104,β-n8.59ms,3.68e-20,4400000000000000033554432
Li12,12.05378,50.096,3.701,n10ns,4.6e-14,3600000000000000184174640103424
Be5,5.04079,37.996,-0.1547,p-ns,-,-
Be6,6.019726317,18.374947,4.487262,p5.0e-9ps,0.091,14000000000000000937884987314407903722471424
Be7,7.016929828,15.770034,5.3714,e53.22d,9.922e-29,12940000000000000
Be8,8.005305103,4.941672,7.062435,α0.0000819ps,3.86e-06,636999999999999995293546200469013004288
Be9,9.012182201,11.347648,6.462758,S,0,0
Be10,10.013533818,12.60667,6.497711,β-1.51e6y,9.57e-36,875000000
Be11,11.021657749,20.174064,5.952822,β-13.81s,3.304e-23,2743000000000000262144
Be12,12.026920737,25.076506,5.720826,β-21.5ms,2.12e-20,1620000000000000058720256
Be13,13.035693007,33.247823,5.27307,n2.7e-9ps,0.12,12000000000000001157598571779601138876153856
Be14,14.04289292,39.954498,4.993897,β-n4.35ms,1.05e-19,6829999999999999718981632
Be15,15.05346,49.798,4.543,n200ns,2.28e-15,137999999999999999084903530496
Be16,16.06192,57.678,4.271,n200ns,2.28e-15,130000000000000001177626345472
B6,6.04681,43.603,0.1521,p-ps,-,-
B7,7.029917901,27.868346,3.531306,p3.3e-10ps,0.97,180000000000000000032818026698693234554568704
B8,8.024607233,22.92149,4.717164,β+α770ms,5.93e-22,67599999999999995805696
B9,9.013328782,12.415681,6.25716,p8.45e-7ps,0.000374,54800000000000004130956107793823610961920
B10,10.012936992,12.050731,6.475071,S,0,0
B11,11.009305406,8.667931,6.927711,S,0,0
B12,12.014352104,13.368899,6.631264,β-20.2ms,2.26e-20,1719999999999999949668352
B13,13.017780217,16.562166,6.496402,β-17.33ms,2.633e-20,1900000000000000075497472
B14,14.025404009,23.663683,6.101645,β-12.5ms,3.65e-20,2390000000000000104857600
B15,15.031103021,28.972278,5.87905,β-n9.93ms,3.18e-20,2800000000000000167772160
B16,16.039808829,37.081686,5.509228,n190ps,2.4e-12,136999999999999994561419278286848
B17,17.046989906,43.770816,5.266461,β-n5.08ms,8.98e-20,4820000000000000058720256
B18,18.05617,52.322,4.947,n26ns,1.8e-14,880000000000000051275467063296
B19,19.06373,59.364,4.741,β-n2.92ms,1.56e-19,7500000000000000142606336
C8,8.037675025,35.09406,3.0978,p2.0e-9ps,0.23,26000000000000002095483559094009042598625280
C9,9.031036689,28.910491,4.337476,β+126.5ms,3.607e-21,365400000000000027262976
C10,10.016853228,15.698682,6.032041,β+19.29s,2.365e-23,2160000000000000000000
C11,11.011433613,10.650342,6.67637,β+20.333min,2.5918e-25,31071000000000000000
C12,12,0,7.680144,S,0,0
C13,13.00335483778,3.12501129,7.469849,S,0,0
C14,14.0032419887,3.01989305,7.520319,β-5700y,2.5e-33,170000000000
C15,15.010599256,9.873144,7.100169,β-2.449s,1.863e-22,11360000000000000000000
C16,16.014701252,13.694129,6.922054,β-n747ms,6.11e-22,34800000000000000000000
C17,17.022586116,21.038832,6.557616,β-193ms,2.36e-21,126999999999999993708544
C18,18.026759354,24.926178,6.425747,β-91ms,5e-21,259999999999999991611392
C19,19.034805018,32.420666,6.117909,β-n49ms,6.5e-21,449999999999999979028480
C20,20.040319754,37.55761,5.958733,β-n14ms,2.3e-20,1499999999999999974834176
C21,21.04934,45.96,5.659,n30ns,1.5e-14,669999999999999965471952601088
C22,22.0572,53.281,5.436,β-n6.2ms,7.4e-20,3100000000000000109051904
N10,10.041653674,38.800148,3.64366,p2.0e-10ps,2.28,208000000000000016763868472752072340789002240
N11,11.026090956,24.303569,5.364045,p5.90e-10ps,0.773,64200000000000003841066284378643570679087104
N12,12.018613197,17.338082,6.170108,β+11ms,4.1e-20,3100000000000000109051904
N13,13.005738609,5.345481,7.238863,β+9.965min,7.631e-25,53680000000000000000
N14,14.00307400478,2.86341704,7.475614,S,0,0
N15,15.00010889823,0.10143805,7.699459,S,0,0
N16,16.006101658,5.683658,7.373812,β-7.13s,6.4e-23,3650000000000000000000
N17,17.008450261,7.871368,7.286153,β-n4.173s,1.093e-22,5881999999999999475712
N18,18.014078959,13.114466,7.03849,β-624ms,5.07e-22,37100000000000001048576
N19,19.017028697,15.862129,6.948235,β-n271ms,1.68e-21,81000000000000006291456
N20,20.023365807,21.76511,6.70924,β-n130ms,3.51e-21,160000000000000000000000
N21,21.02710824,25.251164,6.608099,β-n85ms,3.7e-21,230000000000000004194304
N22,22.034394934,32.038675,6.366085,β-24ms,1.3e-20,789999999999999970639872
N23,23.04122,38.396,6.164,β-n14.5ms,3.15e-20,1250000000000000113246208
N24,24.05104,47.543,5.862,n52ns,8.8e-15,329999999999999984043928059904
N25,25.06066,56.504,5.592,β-260ns,1.75e-15,64100000000000004342681698304
O12,12.034404895,32.047954,4.87909,p1.14e-9ps,0.277,30399999999999998641057578985671265502625792
O13,13.024812213,23.112428,5.811994,β+8.59ms,5.32e-20,3730000000000000146800640
O14,14.00859625,8.007356,7.052308,β+1.1768min,4.4786e-24,422030000000000000000
O15,15.003065617,2.855605,7.463692,β+2.0373min,3.7323e-24,227600000000000000000
O16,15.99491461956,-4.73700141,7.976206,S,0,0
O17,16.999131703,-0.808813,7.750731,S,0,0
O18,17.999161001,-0.781522,7.767025,S,0,0
O19,19.00358013,3.33487,7.566389,β-26.88s,1.176e-23,817200000000000000000
O20,20.004076742,3.797462,7.568505,β-13.51s,3.377e-23,1545000000000000000000
O21,21.008655886,8.062906,7.389332,β-3.42s,1.33e-22,5809999999999999475712
O22,22.009966947,9.284152,7.364821,β-2.25s,2.03e-22,8420000000000000000000
O23,23.015687659,14.61296,7.16385,β-82ms,3.9e-21,220000000000000008388608
O24,24.020472917,19.0704,7.015935,β-65ms,7e-21,269999999999999987417088
O25,25.02946,27.442,6.723,n50ns,9.1e-15,329999999999999984043928059904
O26,26.03834,35.713,6.457,n40ns,1.1e-14,399999999999999965732603428864
O27,27.04826,44.954,6.175,n260ns,1.75e-15,59399999999999998535281934336
O28,28.05781,53.85,5.925,β-100ns,4.56e-15,148999999999999996207409659904
F14,14.03506,32.658,5.236,p-ns,-,-
F15,15.018009103,16.775372,6.483551,p4.6e-10ps,0.69,60999999999999998250495830953127427409182720
F16,16.011465724,10.680254,6.963731,p1.1e-8ps,0.028,2299999999999999994917385722103834553090048
F17,17.002095237,1.951701,7.542328,β+1.075min,7.075e-24,380700000000000000000
F18,18.000937956,0.873701,7.631605,β+1.82952h,6.9271e-26,3520800000000000000
F19,18.998403224,-1.487386,7.779015,S,0,0
F20,19.999981315,-0.017404,7.720131,β-11.07s,2.856e-23,1885000000000000000000
F21,20.999948951,-0.047551,7.73829,β-4.158s,1.097e-22,4780000000000000000000
F22,22.002998815,2.793378,7.624294,β-4.23s,1.08e-22,4490000000000000000000
F23,23.003574631,3.329747,7.62041,β-2.23s,2.05e-22,8129999999999999475712
F24,24.008115485,7.559527,7.462957,β-390ms,8.11e-22,44600000000000002097152
F25,25.012101747,11.272706,7.338764,β-50ms,9.1e-21,330000000000000029360128
F26,26.019615555,18.271772,7.097744,β-9.6ms,3.3e-20,1700000000000000025165824
F27,27.026760086,24.92686,6.887318,β-n5.0ms,6.3e-20,3100000000000000109051904
F28,28.03567,33.226,6.633,n40ns,1.1e-14,369999999999999973580313985024
F29,29.04326,40.296,6.439,β-n2.5ms,1.3e-19,5700000000000000494927872
F30,30.0525,48.903,6.206,n260ns,1.75e-15,53400000000000000104824045568
F31,31.060429,56.289,6.028,β-250ns,1.26e-15,53799999999999996481750695936
Ne16,16.025761262,23.996462,6.082572,p3.74e-9ps,0.0846,6969999999999999828509376995784107440996352
Ne17,17.017671504,16.460901,6.642825,β+p109.2ms,4.178e-21,224700000000000009437184
Ne18,18.005708213,5.317166,7.341282,β+1.672s,2.729e-22,13870000000000000524288
Ne19,19.001880248,1.75144,7.567375,β+17.22s,1.836e-23,1276000000000000000000
Ne20,19.99244017542,-7.04193131,8.03224,S,0,0
Ne21,20.993846684,-5.731776,7.971713,S,0,0
Ne22,21.991385113,-8.024715,8.080465,S,0,0
Ne23,22.994466904,-5.154045,7.955255,β-37.24s,1.225e-23,487400000000000000000
Ne24,23.993610779,-5.951521,7.993319,β-3.38min,2.25e-24,85700000000000000000
Ne25,24.997736888,-2.108075,7.842701,β-602ms,7.58e-22,27699999999999998951424
Ne26,26.000461206,0.429611,7.753891,β-192ms,1.65e-21,83599999999999995805696
Ne27,27.007589903,7.069949,7.519709,β-32ms,1.4e-20,480000000000000000000000
Ne28,28.012071575,11.244601,7.390315,β-18.9ms,1.67e-20,788000000000000058720256
Ne29,29.019385933,18.057881,7.178857,β-14.8ms,2.14e-20,972000000000000008388608
Ne30,30.024801045,23.102025,7.040467,β-7.3ms,4.3e-20,1900000000000000075497472
Ne31,31.03311,30.842,6.824,β-3.4ms,1.3e-19,3999999999999999932891136
Ne32,32.04002,37.278,6.662,β-3.5ms,1.3e-19,3800000000000000150994944
Ne33,33.04938,45.997,6.44,n180ns,1.76e-15,70199999999999997469324738560
Ne34,34.057028,53.121,6.279,β-60ns,5.3e-15,199999999999999982866301714432
Na18,18.025969,24.189968,6.249329,p1.3e-9ps,0.35,18000000000000000498457818384021433415106560
Na19,19.013877499,12.926808,6.938021,p40ns,1.1e-14,549999999999999996862794825728
Na20,20.007351328,6.847719,7.298641,β+447.9ms,1.019e-21,46580000000000003145728
Na21,20.997655206,-2.184161,7.765524,β+22.49s,2.029e-23,883800000000000000000
Na22,21.994436425,-5.182436,7.915709,β+2.6010y,3.8526e-30,231220000000000
Na23,22.98976928087,-9.52985358,8.111493,S,0,0
Na24,23.990962782,-8.418114,8.063496,β-14.997h,5.857e-27,322270000000000000
Na25,24.989953968,-9.357818,8.101397,β-59.1s,7.72e-24,283000000000000000000
Na26,25.992633,-6.862316,8.00426,β-1.077s,4.236e-22,14910000000000000524288
Na27,26.994076788,-5.517436,7.956933,β-301ms,1.52e-21,51399999999999997902848
Na28,27.998938,-0.989247,7.799297,β-30.5ms,1.5e-20,489000000000000006291456
Na29,29.002861,2.665004,7.682668,β-44.9ms,1.02e-20,320000000000000000000000
Na30,30.008976,8.36109,7.505754,β-48.4ms,9.43e-21,288000000000000000000000
Na31,31.013585452,12.654768,7.385492,β-17ms,2.7e-20,780000000000000008388608
Na32,32.02046656,19.064478,7.206621,β-13.2ms,2.4e-20,987999999999999974834176
Na33,33.026719756,24.889293,7.056314,β-n8.0ms,4e-20,1599999999999999865782272
Na34,34.03517,32.761,6.855,???5.5ms,8.3e-20,2200000000000000016777216
Na35,35.042493,39.582,6.695,β-1.5ms,3e-19,7799999999999999547015168
Na36,36.05148,47.953,6.5,n180ns,1.76e-15,64300000000000002531145023488
Na37,37.05934,55.275,6.345,β-60ns,5.3e-15,189999999999999985482205233152
Mg19,19.03547,33.040092,5.838251,p-ns,-,-
Mg20,20.018862545,17.570348,6.723392,β+90ms,5.1e-21,230000000000000004194304
Mg21,21.01171291,10.910506,7.104714,β+122ms,3.74e-21,163000000000000002097152
Mg22,21.999573843,-0.396963,7.662626,β+3.8755s,8.1593e-23,4895899999999999606784
Mg23,22.994123669,-5.473766,7.901126,β+11.317s,4.0314e-23,1604099999999999868928
Mg24,23.985041699,-13.933567,8.260709,S,0,0
Mg25,24.985836917,-13.192826,8.223504,S,0,0
Mg26,25.982592929,-16.214582,8.333872,S,0,0
Mg27,26.984340585,-14.586651,8.263854,β-9.458min,8.04e-25,27260000000000000000
Mg28,27.983876825,-15.018641,8.272406,β-20.915h,6.0594e-27,198100000000000000
Mg29,28.9886,-10.619032,8.113761,β-1.3s,3.5e-22,11000000000000000000000
Mg30,29.990434,-8.910672,8.055401,β-335ms,1.36e-21,41600000000000000000000
Mg31,30.996546,-3.21738,7.87226,β-232ms,1.36e-21,57999999999999995805696
Mg32,31.998975,-0.954781,7.807774,β-85ms,3.7e-21,150000000000000004194304
Mg33,33.005254,4.89407,7.638522,β-90.5ms,5.04e-21,139000000000000002097152
Mg34,34.009456424,8.808603,7.536118,β-20ms,2.3e-20,609999999999999979028480
Mg35,35.01734,16.152,7.342,β-n71ms,6.5e-21,169999999999999995805696
Mg36,36.023,21.424,7.215,β-3.9ms,8.1e-20,2999999999999999949668352
Mg37,37.0314,29.249,7.027,β-260ns,1.22e-15,43400000000000002720727564288
Mg38,38.03757,34.996,6.903,β-260ns,1.22e-15,42199999999999995997761568768
Mg39,39.046772,43.568,6.713,n180ns,1.76e-15,59399999999999998535281934336
Mg40,40.05393,50.235,6.581,β-170ns,1.86e-15,61300000000000003315916079104
Al21,21.02804,26.119,6.343,p35ns,1.3e-14,569999999999999991630987788288
Al22,22.01952,18.183,6.783,β+59ms,7.7e-21,320000000000000000000000
Al23,23.007267432,6.76957,7.334792,β+470ms,9.71e-22,38599999999999997902848
Al24,23.999938865,-0.056946,7.649919,β+2.053s,2.222e-22,8471000000000000262144
Al25,24.990428095,-8.916172,8.021144,β+7.183s,6.352e-23,2326000000000000000000
Al26,25.986891692,-12.210309,8.149771,β+716000y,2.02e-35,711000000
Al27,26.981538627,-17.196658,8.331545,S,0,0
Al28,27.981910306,-16.850441,8.309886,β-2.2413min,3.3925e-24,110920000000000000000
Al29,28.980445046,-18.215322,8.348725,β-6.57min,1.16e-24,36600000000000000000
Al30,29.982960256,-15.872419,8.261381,β-3.6s,1.3e-22,3900000000000000000000
Al31,30.983946619,-14.953628,8.225611,β-644ms,7.08e-22,20899999999999998951424
Al32,31.988124489,-11.061966,8.099175,β-33.0ms,9.58e-21,394999999999999985319936
Al33,32.990843336,-8.529377,8.021586,β-41.7ms,1.09e-20,303000000000000010485760
Al34,33.996851837,-2.932495,7.858434,β-42ms,7.7e-21,290000000000000012582912
Al35,34.999860235,-0.13019,7.784451,β-38.6ms,1.18e-20,309000000000000014680064
Al36,36.006207204,5.781974,7.628193,β-90ms,5.1e-21,129999999999999995805696
Al37,37.01067782,9.946326,7.527619,β-10.7ms,2.96e-20,1050000000000000062914560
Al38,38.017231021,16.050594,7.381288,β-7.6ms,4.2e-20,1400000000000000083886080
Al39,39.02297,21.396417,7.261909,β-7.6µs,4.2e-17,1399999999999999963626995712
Al40,40.03145,29.295,7.085,β-260ns,1.22e-15,40100000000000001824757121024
Al41,41.03833,35.704,6.952,β-260ns,1.22e-15,39100000000000002086347472896
Al42,42.04689,43.678,6.789,β-170ns,1.86e-15,58399999999999998796872286208
Si22,22.03453,32.164,6.111,β+29ms,1.6e-20,649999999999999962251264
Si23,23.02552,23.772,6.562,β+p42.3ms,1.08e-20,429000000000000031457280
Si24,24.011545616,10.754673,7.166837,β+140ms,3.26e-21,124000000000000008388608
Si25,25.004105574,3.824318,7.48023,β+220ms,2.07e-21,76000000000000008388608
Si26,25.992329921,-7.144632,7.924847,β+2.234s,2.042e-22,7188999999999999737856
Si27,26.986704905,-12.384301,8.124334,β+4.16s,1.1e-22,3700000000000000000000
Si28,27.97692653246,-21.49279678,8.447744,S,0,0
Si29,28.9764947,-21.895046,8.448634,S,0,0
Si30,29.973770171,-24.432928,8.520653,S,0,0
Si31,30.975363227,-22.949006,8.45829,β-2.622h,4.834e-26,1427400000000000000
Si32,31.974148082,-24.080907,8.481569,β-153y,6.55e-32,2710000000000
Si33,32.97800022,-20.492662,8.360402,β-6.11s,5.18e-23,2070000000000000000000
Si34,33.978575524,-19.95677,8.336138,β-2.77s,1.65e-22,4400000000000000000000
Si35,34.984583575,-14.360307,8.168673,β-780ms,5.85e-22,15200000000000000000000
Si37,36.99293608,-6.579998,7.953132,β-90ms,5.1e-21,129999999999999995805696
Si36,35.986599477,-12.482507,8.113807,β-450ms,1.01e-21,25799999999999997902848
Si38,37.995633601,-4.067274,7.890118,β-1µs,3e-16,9999999999999999583119736832
Si39,39.002070013,1.928205,7.741034,β-47.5ms,6.66e-21,224999999999999989514240
Si40,40.005869121,5.467052,7.660819,β-33.0ms,9.58e-21,315999999999999974834176
Si41,41.01456,13.562553,7.47338,β-20.0ms,1.58e-20,508999999999999997902848
Si42,42.01979,18.434,7.372,β-12.5ms,2.53e-20,794999999999999951765504
Si43,43.02866,26.697,7.196,β-60ns,5.3e-15,159999999999999993329915789312
Si44,44.03526,32.844,7.076,β-361ns,8.78e-16,26299999999999999277438861312
P24,24.03435,31.997,6.249,p-ns,-,-
P25,25.02026,18.872,6.847,p30ns,1.5e-14,559999999999999994246891307008
P26,26.01178,10.973,7.198,β+43.7ms,7.24e-21,367000000000000010485760
P27,26.999230236,-0.71703,7.663237,β+260ms,1.75e-21,59499999999999996854272
P28,27.992314761,-7.158753,7.907873,β+270.3ms,1.688e-21,55000000000000002097152
P29,28.981800606,-16.952626,8.251228,β+4.142s,1.101e-22,3476999999999999737856
P30,29.978313789,-20.200575,8.353496,β+2.498min,3.044e-24,92920000000000000000
P31,30.973761629,-24.440885,8.481178,S,0,0
P32,31.973907274,-24.305218,8.46413,β-14.262d,2.5662e-28,10595000000000000
P33,32.971725543,-26.337486,8.513811,β-25.34d,2.084e-28,5782000000000000
P34,33.973636257,-24.557669,8.448449,β-12.43s,3.67e-23,988600000000000000000
P35,34.973314117,-24.85774,8.446247,β-47.3s,9.65e-24,252000000000000000000
P36,35.97825968,-20.250977,8.307866,β-5.6s,8.1e-23,2100000000000000000000
P37,36.979608946,-18.994145,8.267505,β-2.31s,1.98e-22,4889999999999999475712
P38,37.984156827,-14.75782,8.15086,β-640ms,7.13e-22,17200000000000000000000
P39,38.986179475,-12.873735,8.10051,β-280ms,1.13e-21,38200000000000002097152
P40,39.991296951,-8.106838,7.980608,β-125ms,2.53e-21,83499999999999996854272
P41,40.994335435,-5.276508,7.913788,β-100ms,3.16e-21,102000000000000004194304
P42,42.001007913,0.938865,7.769554,β-n48.5ms,6.52e-21,204999999999999997902848
P43,43.00619,5.765948,7.664314,β-n36.5ms,8.66e-21,265999999999999995805696
P44,44.01299,12.1,7.53,β-18.5ms,1.71e-20,513000000000000023068672
P45,45.01922,17.903,7.413,β-200ns,1.58e-15,46400000000000001935956508672
P46,46.02738,25.504,7.262,β-200ns,1.58e-15,45299999999999998705268686848
S26,26.02788,25.97,6.591,p10ms,4.6e-20,1700000000000000025165824
S27,27.018833,17.543,6.958,β+15.5ms,2.04e-20,997000000000000048234496
S28,28.004372763,4.073203,7.47879,β+125ms,3.65e-21,118999999999999993708544
S29,28.996608049,-3.159582,7.748629,β+187ms,2.44e-21,76899999999999998951424
S30,29.984903249,-14.062532,8.122817,β+1.178s,3.873e-22,11820000000000001048576
S31,30.979554728,-19.044648,8.281869,β+2.572s,1.774e-22,5238000000000000524288
S32,31.972070999,-26.015697,8.493134,S,0,0
S33,32.971458759,-26.585994,8.497634,S,0,0
S34,33.967866902,-29.931788,8.583501,S,0,0
S35,34.969032161,-28.846356,8.537855,β-87.51d,6.034e-29,1578000000000000
S36,35.96708076,-30.664075,8.575387,S,0,0
S37,36.971125567,-26.89636,8.459934,β-5.05min,1.51e-24,37300000000000000000
S38,37.971163317,-26.861197,8.448782,β-2.8389h,4.465e-26,1076000000000000000
S39,38.975134306,-23.162245,8.344258,β-11.5s,3.97e-23,931000000000000000000
S40,39.975451728,-22.866568,8.330043,β-8.8s,5.2e-23,1200000000000000000000
S41,40.979582149,-19.019105,8.229892,β-1.99s,2.29e-22,5120000000000000000000
S42,41.981022419,-17.677503,8.194173,β-1.013s,4.504e-22,9818999999999999213568
S43,42.98715479,-11.965235,8.058473,β-280ms,1.13e-21,34700000000000001048576
S44,43.99021339,-9.116168,7.994013,β-100ms,3.16e-21,94899999999999994757120
S45,44.996508112,-3.252672,7.865431,β-n68ms,4.7e-21,140000000000000008388608
S46,46.00075,0.699,7.784,β-50ms,6.3e-21,179999999999999991611392
S47,47.00859,8.002,7.635,β-20ms,2.3e-20,440000000000000016777216
S48,48.01417,13.199,7.536,β-200ns,1.58e-15,43499999999999997416912715776
S49,49.023619,22.001,7.367,n200ns,2.28e-15,42499999999999997678503067648
Cl28,28.02851,26.557,6.648,p-ns,-,-
Cl29,29.01411,13.143,7.159,p20ns,2.3e-14,719999999999999952392435007488
Cl30,30.00477,4.443,7.48,p30ns,1.5e-14,470000000000000017790022975488
Cl31,30.992413086,-7.067165,7.870261,β+150ms,3.04e-21,89999999999999995805696
Cl32,31.985689901,-13.329771,8.072251,β+298ms,1.53e-21,43800000000000002097152
Cl33,32.977451887,-21.003432,8.304758,β+2.511s,1.817e-22,5040000000000000000000
Cl34,33.973762819,-24.439776,8.398961,β+1.5264s,2.989e-22,8049499999999999606784
Cl35,34.968852682,-29.01354,8.520278,S,0,0
Cl36,35.968306981,-29.521857,8.521927,β-300000y,4.8e-35,1220000000
Cl37,36.965902591,-31.761532,8.57028,S,0,0
Cl38,37.968010425,-29.798097,8.50548,β-37.23min,2.042e-25,4920000000000000000
Cl39,38.968008164,-29.800203,8.494402,β-56.2min,9.38e-26,3180000000000000000
Cl40,39.970415472,-27.55781,8.427765,β-1.35min,5.63e-24,129000000000000000000
Cl41,40.970684525,-27.307189,8.412958,β-38.4s,1.19e-23,265000000000000000000
Cl42,41.973254804,-24.91299,8.347819,β-6.8s,6.7e-23,1500000000000000000000
Cl43,42.974054403,-24.168168,8.324068,β-3.13s,1.01e-22,3100000000000000000000
Cl44,43.978281071,-20.231052,8.228843,β-560ms,8.15e-22,16899999999999998951424
Cl45,44.980286886,-18.362647,8.183823,β-413ms,7.66e-22,22499999999999998951424
Cl46,45.98421004,-14.708253,8.101934,β-n232ms,1.36e-21,39100000000000001048576
Cl47,46.98871,-10.517,8.012,β-101ms,3.13e-21,88000000000000000000000
Cl48,47.99495,-4.704,7.892,β-200ns,1.58e-15,43499999999999997416912715776
Cl49,49.00032,0.298,7.794,β-170ns,1.86e-15,50099999999999999208853602304
Cl50,50.00784,7.303,7.659,β-20ms,2.3e-20,420000000000000025165824
Cl51,51.01449,13.497,7.546,β-200ns,1.58e-15,40900000000000003374703443968
Ar31,31.012123,11.293,7.253,β+p14.4ms,3.17e-20,933999999999999937085440
Ar30,30.02156,20.083,6.932,p20ns,2.3e-14,689999999999999960240145563648
Ar32,31.997637984,-2.200204,7.700003,β+98ms,4.7e-21,129999999999999995805696
Ar33,32.989925709,-9.384141,7.92895,β+173ms,2.64e-21,72999999999999997902848
Ar34,33.980271244,-18.377217,8.19764,β+845ms,5.4e-22,14499999999999998951424
Ar35,34.975257585,-23.047411,8.327465,β+1.775s,2.57e-22,6723000000000000262144
Ar36,35.967545105,-30.23154,8.519909,S,0,0
Ar37,36.96677632,-30.947659,8.527139,e34.95d,1.047e-28,3739000000000000
Ar38,37.962732394,-34.714551,8.614273,S,0,0
Ar39,38.964313231,-33.242011,8.562593,β-269y,5.37e-32,1270000000000
Ar40,39.96238312251,-35.03989602,8.595259,S,0,0
Ar41,40.964500611,-33.067467,8.534371,β-1.8268h,6.9373e-26,1549400000000000000
Ar42,41.963045736,-34.422675,8.555613,β-33.0y,4.39e-31,9600000000000
Ar43,42.965636056,-32.009808,8.488237,β-5.37min,1.42e-24,30100000000000000000
Ar44,43.964924033,-32.673053,8.493836,β-11.87min,6.406e-25,13340000000000000000
Ar45,44.968039956,-29.770589,8.419947,β-21.48s,2.124e-23,432100000000000000000
Ar46,45.968094129,-29.720127,8.411271,β-8.4s,5.4e-23,1100000000000000000000
Ar47,46.972186792,-25.907836,8.322926,β-1.23s,2.57e-22,7220000000000000000000
Ar48,47.97454,-23.716,8.272,β-475ms,6.66e-22,18300000000000001048576
Ar49,48.98052,-18.146,8.154,β-n170ms,2.68e-21,50200000000000002097152
Ar50,49.98443,-14.503,8.08,β-170ns,1.86e-15,49099999999999999470443954176
Ar51,50.99163,-7.797,7.948,β-200ns,1.58e-15,40900000000000003374703443968
Ar52,51.99678,-2.999,7.858,β-10ms,4.6e-20,829999999999999953862656
Ar53,53.00494,4.602,7.719,β-3ms,2e-19,2999999999999999949668352
K32,32.02192,20.418,6.969,p-ps,-,-
K33,33.00726,6.763,7.416,p25ns,1.8e-14,510000000000000007326408900608
K34,33.99841,-1.481,7.678,p25ns,1.3e-14,490000000000000012558215938048
K35,34.988009692,-11.1689,7.965726,β+178ms,2.56e-21,67000000000000002097152
K36,35.981292235,-17.426171,8.142472,β+342ms,1.33e-21,33900000000000001048576
K37,36.973375889,-24.800199,8.339847,β+1.226s,3.721e-22,9207000000000000262144
K38,37.969081184,-28.800691,8.438057,β+7.637min,9.958e-25,23990000000000000000
K39,38.963706679,-33.807011,8.55702,S,0,0
K40,39.963998475,-33.535205,8.538083,β-1.247e9y,8.035e-39,265400
K41,40.961825762,-35.559074,8.576061,S,0,0
K42,41.96240281,-35.021556,8.551245,β-12.321h,7.1291e-27,224270000000000000
K43,42.96071554,-36.593239,8.576635,β-22.3h,5.68e-27,121000000000000000
K44,43.961556804,-35.809606,8.54734,β-22.13min,3.436e-25,7150000000000000000
K45,44.960699493,-36.608186,8.554508,β-17.82min,2.959e-25,8688000000000000000
K46,45.961976864,-35.418323,8.518137,β-1.75min,4.35e-24,86800000000000000000
K47,46.961678473,-35.696272,8.514544,β-17.5s,2.61e-23,509000000000000000000
K48,47.965513535,-32.123935,8.430887,β-6.8s,6.7e-23,1300000000000000000000
K49,48.967450928,-30.319265,8.386719,β-n1.26s,3.62e-22,6760000000000000000000
K50,49.972783355,-25.352141,8.281068,β-472ms,9.67e-22,17699999999999998951424
K51,50.97638,-22.002,8.211,β-365ms,1.25e-21,22400000000000000000000
K52,51.98261,-16.199,8.097,β-n105ms,4.35e-21,76700000000000001048576
K53,52.98712,-11.998,8.017,β-n30ms,1.5e-20,259999999999999991611392
K55,54.99971,-0.27,7.806,β-3ms,2e-19,2999999999999999949668352
K54,53.9942,-5.403,7.896,β-10ms,4.6e-20,799999999999999932891136
K32,32.02192,20.418,6.969,p-ms,-,-
Ca34,34.01412,13.153,7.224,p35ns,1.3e-14,349999999999999978812121022464
Ca35,35.00494,4.602,7.493,β+p25.7ms,1.78e-20,463999999999999966445568
Ca36,35.993087063,-6.439359,7.815551,β+p102ms,4.47e-21,113999999999999995805696
Ca37,36.985870269,-13.16176,8.00415,β+p181.1ms,2.519e-21,62310000000000002621440
Ca38,37.976318452,-22.05922,8.240062,β+440ms,1.04e-21,24999999999999997902848
Ca39,38.970719725,-27.2744,8.369457,β+859.6ms,5.308e-22,12460000000000001048576
Ca40,39.962590983,-34.846275,8.551301,β+3.0e21y,3.3e-51,1.1e-07
Ca41,40.962278062,-35.137759,8.546703,e102000y,1.42e-34,3170000000
Ca42,41.958618014,-38.547072,8.616559,S,0,0
Ca43,42.958766628,-38.408639,8.600659,S,0,0
Ca44,43.955481754,-41.468479,8.65817,S,0,0
Ca45,44.956186566,-40.81195,8.63054,β-162.62d,2.2507e-29,660890000000000
Ca46,45.953692587,-43.135077,8.668885,β-2.80e15y,3.58e-45,0.103
Ca47,46.954546006,-42.340123,8.639257,β-4.536d,1.164e-27,22680000000000000
Ca48,47.952534177,-44.214129,8.666467,β-1.9e19y,5.3e-49,1.5e-05
Ca49,48.955674148,-41.289265,8.59463,β-8.718min,8.722e-25,16300000000000000000
Ca50,49.957518962,-39.570832,8.549795,β-13.9s,3.28e-23,600000000000000000000
Ca51,50.961499214,-35.863251,8.467716,β-10s,4.6e-23,840000000000000000000
Ca52,51.9651,-32.509141,8.39559,β-4.6s,9.9e-23,1800000000000000000000
Ca53,52.97005,-27.898,8.302,β-90ms,5.1e-21,86999999999999993708544
Ca54,53.97435,-23.893,8.224,β-300ns,1.05e-15,25799999999999999408234037248
Ca55,54.98055,-18.118,8.116,β-30ms,1.5e-20,249999999999999995805696
Ca56,55.98557,-13.441,8.032,β-10ms,4.6e-20,770000000000000046137344
Ca57,56.992356,-7.12,7.922,β-5ms,9e-20,1999999999999999966445568
Sc36,36.01492,13.898,7.229,p-ms,-,-
Sc37,37.00305,2.841,7.55,p-ms,-,-
Sc38,37.9947,-4.937,7.769,p300ns,1.52e-15,36599999999999998342276841472
Sc39,38.984790002,-14.168021,8.013336,p300ns,1.52e-15,35700000000000002096145367040
Sc40,39.977967407,-20.523228,8.173666,β+182.3ms,2.503e-21,57280000000000000000000
Sc41,40.969251125,-28.642392,8.369198,β+596.3ms,7.651e-22,17089999999999999475712
Sc42,41.965516429,-32.121239,8.444935,β+681.3ms,6.697e-22,14600000000000000000000
Sc43,42.961150658,-36.187929,8.530821,β+3.8917h,3.257e-26,693600000000000000
Sc44,43.959402752,-37.816093,8.557381,β+3.97h,3.19e-26,665000000000000000
Sc45,44.955911909,-41.067792,8.61884,S,0,0
Sc46,45.95517189,-41.757115,8.621922,β-83.78d,6.302e-29,1255000000000000
Sc47,46.952407508,-44.332121,8.664995,β-3.34919d,1.5767e-27,30723000000000000
Sc48,47.952231468,-44.496101,8.656043,β-1.819d,2.902e-27,55370000000000000
Sc49,48.950023975,-46.552368,8.686074,β-57.17min,1.33e-25,2485000000000000000
Sc50,49.952187685,-44.536885,8.633469,β-1.708min,4.451e-24,81510000000000000000
Sc51,50.953603368,-43.218184,8.59659,β-12.4s,3.68e-23,660000000000000000000
Sc52,51.956675468,-40.356541,8.531457,β-8.2s,5.6e-23,970000000000000000000
Sc53,52.95961,-37.623,8.471,β-3s,2e-22,3000000000000000000000
Sc54,53.963264561,-34.218841,8.400753,β-360ms,8.78e-22,21500000000000001048576
Sc55,54.968243949,-29.580571,8.310432,β-105ms,3.01e-21,72299999999999996854272
Sc56,55.97287,-25.271,8.229,β-35ms,9.1e-21,210000000000000012582912
Sc57,56.97779,-20.688,8.146,β-13ms,3.5e-20,560000000000000033554432
Sc58,57.98371,-15.174,8.05,β-12ms,3.8e-20,609999999999999979028480
Sc59,58.98922,-10.042,7.963,β-10ms,4.6e-20,730000000000000062914560
Sc60,59.99571,-3.996,7.864,β-3ms,2e-19,2999999999999999949668352
Ti38,38.00977,9.101,7.379,p120ns,3.8e-15,91599999999999997148947021824
Ti39,39.00161,1.5,7.592,β+p31ms,1.5e-20,339999999999999991611392
Ti40,39.990498838,-8.850275,7.862283,β+p53.3ms,8.56e-21,195999999999999991611392
Ti41,40.983145,-15.7,8.034,β+p80.4ms,3.93e-21,126999999999999993708544
Ti42,41.973030902,-25.121552,8.259649,β+199ms,2.29e-21,49999999999999995805696
Ti43,42.968522499,-29.321103,8.352933,β+509ms,8.96e-22,19100000000000001048576
Ti44,43.959690069,-37.548459,8.533518,e60y,2.4e-31,5100000000000
Ti45,44.958125616,-39.005737,8.555631,β+3.0806h,4.115e-26,840000000000000000
Ti46,45.952631555,-44.123422,8.656356,S,0,0
Ti47,46.951763088,-44.932394,8.661121,S,0,0
Ti48,47.947946281,-48.487727,8.722903,S,0,0
Ti49,48.947869982,-48.558799,8.711055,S,0,0
Ti50,49.944791194,-51.426672,8.755618,S,0,0
Ti51,50.946614955,-49.727849,8.70889,β-5.77min,1.32e-24,23700000000000000000
Ti52,51.946897311,-49.464837,8.691571,β-1.7min,3.1e-24,79000000000000000000
Ti53,52.949727171,-46.828839,8.630132,β-32.7s,1.4e-23,241000000000000000000
Ti54,53.951052401,-45.594395,8.596924,β-1.5s,3e-22,5100000000000000000000
Ti55,54.955265056,-41.670332,8.516021,β-1.3s,2.4e-22,5800000000000000000000
Ti56,55.958199639,-38.936785,8.459266,β-200ms,1.58e-21,37299999999999998951424
Ti57,56.963989137,-33.543903,8.357848,β-60ms,7.7e-21,120000000000000000000000
Ti58,57.96697,-30.767,8.305,β-59ms,5.4e-21,120000000000000000000000
Ti59,58.97293,-25.216,8.207,β-30ms,1.5e-20,240000000000000000000000
Ti60,59.97676,-21.648,8.145,β-22ms,2.1e-20,309999999999999970639872
Ti61,60.9832,-15.649,8.046,β-10ms,4.6e-20,710000000000000004194304
Ti62,61.98749,-11.653,7.982,β-10ms,4.6e-20,689999999999999945474048
Ti63,62.99442,-5.198,7.881,β-3ms,2e-19,1999999999999999966445568
V40,40.01109,10.33,7.363,p-ms,-,-
V41,40.99978,-0.205,7.637,p-ms,-,-
V42,41.99123,-8.169,7.837,p55ns,8.3e-15,179999999999999988098108751872
V43,42.98065,-18.024,8.072,β+800ms,3.95e-22,12099999999999998951424
V44,43.97411,-24.11638,8.210463,β+111ms,4.11e-21,85600000000000008388608
V45,44.965775808,-31.879629,8.379887,β+547ms,8.34e-22,17000000000000000000000
V46,45.960200481,-37.073013,8.486079,β+422.5ms,1.08e-21,21500000000000001048576
V47,46.95490894,-42.002051,8.582127,β+32.67min,2.33e-25,4548000000000000000
V48,47.952253707,-44.475385,8.623013,β+15.97350d,3.3058e-28,6307400000000000
V49,48.948516101,-47.956943,8.682806,e330d,1.6e-29,299000000000000
V50,49.947158485,-49.221554,8.695869,β+1.4e17y,7.2e-47,0.0019
V51,50.943959507,-52.201383,8.742051,S,0,0
V52,51.944775479,-51.44131,8.714535,β-3.743min,2.032e-24,35780000000000000000
V53,52.944337979,-51.848839,8.710088,β-1.6min,4.8e-24,81200000000000000000
V54,53.946439854,-49.890954,8.662002,β-49.8s,9.16e-24,155000000000000000000
V55,54.947233701,-49.151491,8.637817,β-6.54s,6.98e-23,1160000000000000000000
V56,55.950530966,-46.080109,8.572855,β-216ms,2.11e-21,34499999999999998951424
V57,56.952561432,-44.188742,8.530874,β-350ms,1.3e-21,20899999999999998951424
V58,57.956834136,-40.208743,8.45433,β-185ms,1.71e-21,38900000000000003145728
V59,58.960207407,-37.066562,8.394581,β-75ms,6.1e-21,92999999999999997902848
V60,59.965026862,-32.577268,8.314372,β-68ms,4.7e-21,99999999999999991611392
V61,60.96848,-29.361,8.258,β-47ms,9.7e-21,150000000000000004194304
V62,61.97378,-24.424,8.175,β-150ns,2.11e-15,44900000000000002328342036480
V63,62.97755,-20.912,8.118,β-17ms,2.7e-20,379999999999999974834176
V64,63.98347,-15.398,8.032,β-19ms,1.7e-20,339999999999999991611392
V65,64.98792,-11.252,7.968,β-10ms,4.6e-20,660000000000000058720256
Cr42,42.00643,5.99,7.482,β+13ms,2.4e-20,759999999999999949668352
Cr43,42.99771,-2.133,7.684,β+21.6ms,2.11e-20,449000000000000023068672
Cr44,43.985549,-13.461,7.951,β+53ms,6e-21,179999999999999991611392
Cr45,44.97964,-18.965218,8.075515,β+60.9ms,5.19e-21,152000000000000016777216
Cr46,45.968358635,-29.473742,8.30387,β+260ms,1.75e-21,34899999999999998951424
Cr47,46.962900046,-34.558385,8.407106,β+500ms,9.12e-22,17800000000000000000000
Cr48,47.954031716,-42.81918,8.57221,β+21.561h,5.878e-27,112000000000000000
Cr49,48.951335721,-45.330484,8.613239,β+42.33min,1.8e-25,3361000000000000000
Cr50,49.946044205,-50.259499,8.700981,β+1.3e18y,7.7e-48,0.0002
Cr51,50.944767431,-51.448807,8.711954,e27.703d,1.9062e-28,3423300000000000
Cr52,51.940507472,-55.416933,8.775944,S,0,0
Cr53,52.940649386,-55.284741,8.760155,S,0,0
Cr54,53.938880395,-56.932545,8.777914,S,0,0
Cr55,54.940839672,-55.107491,8.731884,β-3.497min,2.174e-24,36210000000000000000
Cr56,55.940653139,-55.281245,8.723191,β-5.93min,1.28e-24,20900000000000000000
Cr57,56.943613013,-52.52414,8.663384,β-21.1s,2.16e-23,348000000000000000000
Cr58,57.944353129,-51.834726,8.64129,β-7.0s,6.5e-23,1000000000000000000000
Cr59,58.948586367,-47.89149,8.564795,β-460ms,9.92e-22,15400000000000000000000
Cr60,59.950076033,-46.503876,8.533443,β-570ms,5.55e-22,12200000000000000000000
Cr61,60.954717204,-42.180653,8.454995,β-270ms,1.17e-21,25400000000000002097152
Cr62,61.95661319,-40.414553,8.420321,β-190ms,1.66e-21,35500000000000001048576
Cr63,62.96186,-35.527,8.337,β-129ms,3.54e-21,51399999999999997902848
Cr64,63.96441,-33.152,8.296,β-43ms,1.1e-20,150000000000000004194304
Cr65,64.97016,-27.796,8.211,β-27ms,1.7e-20,240000000000000000000000
Cr66,65.97338,-24.796,8.163,β-10ms,4.6e-20,649999999999999962251264
Cr67,66.97955,-19.049,8.075,β-10ms,4.6e-20,640000000000000000000000
Mn44,44.00687,6.399,7.481,p105ns,4.35e-15,90599999999999997410537373696
Mn45,44.99451,-5.114,7.75,p70ns,6.5e-15,130000000000000001177626345472
Mn46,45.98672,-12.37,7.915,β+35ms,9.3e-21,269999999999999987417088
Mn47,46.9761,-22.263,8.129,β+100ms,4.56e-21,89000000000000006291456
Mn48,47.96852,-29.323431,8.27475,β+158.1ms,2.886e-21,55040000000000000000000
Mn49,48.959618005,-37.615586,8.439826,β+382ms,1.19e-21,22300000000000001048576
Mn50,49.95423823,-42.626814,8.53268,β+283.29ms,1.1162e-21,29496999999999999737856
Mn51,50.948210787,-48.241341,8.633723,β+46.17min,1.65e-25,3000000000000000000
Mn52,51.945565464,-50.705444,8.670294,β+5.591d,9.445e-28,16640000000000000
Mn53,52.941290117,-54.687904,8.734133,e3.8e6y,3.9e-36,67000000
Mn54,53.940358854,-55.55537,8.737923,e312.12d,1.1726e-29,286960000000000
Mn55,54.938045141,-57.71058,8.764988,S,0,0
Mn56,55.93890491,-56.90971,8.7383,β-2.5789h,4.9142e-26,803760000000000000
Mn57,56.938285378,-57.4868,8.736723,β-1.42min,5.34e-24,86000000000000000000
Mn58,57.939981549,-55.906827,8.69801,β-3.0s,1.5e-22,2400000000000000000000
Mn59,58.940440237,-55.479562,8.680146,β-4.59s,9.94e-23,1540000000000000000000
Mn60,59.942911246,-53.177832,8.631637,β-51s,8.9e-24,140000000000000000000
Mn61,60.944652638,-51.555736,8.595859,β-670ms,6.81e-22,10200000000000000000000
Mn62,61.94842822,-48.038804,8.530674,β-880ms,3.59e-22,7660000000000000000000
Mn63,62.95023999,-46.351151,8.496595,β-290ms,1.09e-21,22899999999999998951424
Mn64,63.95424909,-42.616698,8.431599,β-88.8ms,5.14e-21,73600000000000000000000
Mn65,64.956336065,-40.672693,8.396148,β-91ms,5e-21,71000000000000002097152
Mn66,65.96108,-36.254,8.324,β-64.4ms,7.08e-21,98299999999999992659968
Mn67,66.96414,-33.403,8.278,β-47ms,6.7e-21,129999999999999995805696
Mn68,67.9693,-28.597,8.204,β-28ms,1.6e-20,220000000000000008388608
Mn69,68.97284,-25.299,8.154,β-14ms,3.3e-20,440000000000000016777216
Fe45,45.014578,13.579,7.318,p1.89ms,1.67e-19,4910000000000000524288000
Fe46,46.00081,0.755,7.613,β+12ms,2.6e-20,759999999999999949668352
Fe47,46.99289,-6.623,7.779,β+p21.8ms,2.09e-20,406999999999999993708544
Fe48,47.980504,-18.16,8.026,β+44ms,1e-20,199999999999999983222784
Fe49,48.97361,-24.582,8.158,β+p64.8ms,4.89e-21,131999999999999991611392
Fe50,49.962988982,-34.475541,8.354008,β+155ms,2.94e-21,53799999999999997902848
Fe51,50.956819538,-40.222341,8.461147,β+305ms,1.5e-21,26899999999999998951424
Fe52,51.948113875,-48.331615,8.609598,β+8.2750h,1.532e-26,269720000000000000
Fe53,52.945307942,-50.945323,8.648757,β+8.52min,8.94e-25,15400000000000000000
Fe54,53.939610501,-56.252456,8.736344,S,0,0
Fe55,54.938293357,-57.479368,8.74656,e2.735y,3.664e-30,88030000000000
Fe56,55.934937475,-60.605352,8.790323,S,0,0
Fe57,56.935393969,-60.18013,8.770249,S,0,0
Fe58,57.933275558,-62.153418,8.792221,S,0,0
Fe59,58.934875464,-60.663114,8.754743,β-44.495d,1.1868e-28,1842400000000000
Fe60,59.934071683,-61.411832,8.755831,β-2.598e6y,9.6e-36,84940000
Fe61,60.936745281,-58.921391,8.703782,β-5.98min,1.27e-24,19100000000000000000
Fe62,61.936767442,-58.900749,8.693248,β-1.1min,6.7e-24,99000000000000000000
Fe63,62.940369091,-55.545834,8.630124,β-6.1s,7.5e-23,1100000000000000000000
Fe64,63.941201265,-54.770668,8.60928,β-2.0s,2.3e-22,3200000000000000000000
Fe65,64.94538027,-50.877951,8.541116,β-1.3s,3.5e-22,4900000000000000000000
Fe66,65.946780638,-49.573517,8.514234,β-440ms,1.04e-21,14400000000000000000000
Fe67,66.950947244,-45.692348,8.449695,β-600ms,5.3e-22,10000000000000000000000
Fe68,67.9537,-43.128173,8.406422,β-187ms,2.44e-21,32800000000000000000000
Fe69,68.95878,-38.396,8.333,β-109ms,4.19e-21,55600000000000004194304
Fe70,69.96146,-35.9,8.294,β-94ms,4.9e-21,60999999999999997902848
Fe71,70.96672,-31,8.221,β-150ns,2.11e-15,39200000000000001180579135488
Fe72,71.96962,-28.299,8.182,β-150ns,2.11e-15,38700000000000001311374311424
Co47,47.01149,10.703,7.394,p-ns,-,-
Co48,48.00176,1.639,7.597,p-ns,-,-
Co49,48.98972,-9.576,7.836,p35ns,1.3e-14,250000000000000004971156209664
Co50,49.98154,-17.195,7.993,β+p44ms,1e-20,189999999999999987417088
Co51,50.97072,-27.274,8.192,β+200ns,1.58e-15,40900000000000003374703443968
Co52,51.96359,-33.916,8.317,β+115ms,3.97e-21,69799999999999997902848
Co53,52.954218896,-42.644824,8.477382,β+240ms,1.32e-21,32800000000000000000000
Co54,53.948459635,-48.009541,8.569209,β+193.28ms,1.636e-21,40032000000000000000000
Co55,54.941999029,-54.027557,8.669575,β+17.531h,7.229e-27,120380000000000000
Co56,55.939839278,-56.039352,8.694817,β+77.23d,6.837e-29,1118000000000000
Co57,56.936291373,-59.344204,8.741858,e271.74d,1.9432e-29,312260000000000
Co58,57.935752814,-59.845868,8.738947,β+70.86d,7.452e-29,1177000000000000
Co59,58.933195048,-62.228412,8.768013,S,0,0
Co60,59.933817059,-61.649012,8.746745,β-5.2714y,2.7427e-30,41868000000000
Co61,60.932475763,-62.898422,8.756154,β-1.650h,7.68e-26,1153000000000000000
Co62,61.934050563,-61.431505,8.721448,β-1.5min,5.1e-24,74800000000000000000
Co63,62.933611611,-61.840387,8.717619,β-27.4s,1.15e-23,242000000000000000000
Co64,63.935809908,-59.792686,8.675525,β-300ms,1.52e-21,21799999999999997902848
Co65,64.93647846,-59.169934,8.656649,β-1.2s,3.8e-22,5500000000000000000000
Co66,65.939762004,-56.111332,8.601438,β-180ms,1.76e-21,35200000000000000000000
Co67,66.940889529,-55.061049,8.57785,β-425ms,1.07e-21,14700000000000001048576
Co68,67.944873058,-51.350415,8.515833,β-200ms,2.28e-21,30700000000000001048576
Co69,68.94632,-50.002598,8.489857,β-220ms,1.44e-21,27500000000000001048576
Co70,69.951,-45.643206,8.421601,β-119ms,2.66e-21,50100000000000003145728
Co71,70.9529,-43.873368,8.39174,β-79ms,4e-21,73999999999999995805696
Co72,71.95781,-39.3,8.324,β-62ms,5.1e-21,94000000000000004194304
Co73,72.96024,-37.036,8.289,β-41ms,7.7e-21,140000000000000008388608
Co74,73.96538,-32.248,8.222,β-150ns,2.11e-15,37599999999999998080686489600
Co75,74.96833,-29.5,8.183,β-150ns,2.11e-15,37099999999999998211481665536
Ni48,48.01975,18.397,7.232,p500ns,6.3e-16,16999999999999999951010529280
Ni49,49.00966,8.998,7.441,β+7.5ms,4.2e-20,1100000000000000008388608
Ni50,49.99593,-3.791,7.709,β+12ms,2.6e-20,700000000000000041943040
Ni51,50.98772,-11.439,7.866,β+200ns,1.58e-15,40900000000000003374703443968
Ni52,51.97568,-22.654,8.086,β+38ms,1.2e-20,210000000000000012582912
Ni53,52.96847,-29.37,8.212,β+45ms,1e-20,169999999999999995805696
Ni54,53.957905495,-39.210779,8.391781,β+104ms,4.39e-21,74400000000000000000000
Ni55,54.951330251,-45.335579,8.497315,β+204.7ms,2.229e-21,37109999999999998427136
Ni56,55.942132022,-53.903674,8.642709,β+6.075d,8.692e-28,14220000000000000
Ni57,56.939793526,-56.081969,8.670901,β+1.48d,3.56e-27,57200000000000000
Ni58,57.935342907,-60.227694,8.732041,S,0,0
Ni59,58.934346705,-61.15565,8.73657,β+76000y,1.3e-34,3000000000
Ni60,59.930786372,-64.472079,8.780757,S,0,0
Ni61,60.931056033,-64.220892,8.765009,S,0,0
Ni62,61.928345115,-66.746096,8.794549,S,0,0
Ni63,62.929669374,-65.512556,8.763489,β-100.0y,1.002e-31,2101000000000
Ni64,63.927965959,-67.099277,8.777467,S,0,0
Ni65,64.930084304,-65.126052,8.736246,β-2.5172h,5.0347e-26,709410000000000000
Ni66,65.929139334,-66.006285,8.739508,β-2.28d,2.32e-27,32200000000000000
Ni67,66.931569414,-63.74268,8.69575,β-21s,2.2e-23,300000000000000000000
Ni68,67.931868789,-63.463815,8.682466,β-29s,1.6e-23,210000000000000000000
Ni69,68.935610269,-59.978648,8.623099,β-11.4s,2.77e-23,531000000000000000000
Ni70,69.9365,-59.14987,8.603377,β-6.0s,7.6e-23,990000000000000000000
Ni71,70.940736283,-55.203797,8.540304,β-2.56s,1.78e-22,2300000000000000000000
Ni72,71.942092682,-53.940319,8.516242,β-1.57s,2.91e-22,3690000000000000000000
Ni73,72.94647,-49.863,8.454,β-840ms,5.43e-22,6820000000000000000000
Ni74,73.94807,-48.372,8.429,β-680ms,6.71e-22,8300000000000000000000
Ni75,74.95287,-43.901,8.365,β-600ms,7.6e-22,9280000000000000000000
Ni76,75.95533,-41.61,8.331,β-238.0ms,1.329e-21,23089999999999999475712
Ni77,76.96055,-36.747,8.264,β-150ns,2.11e-15,36200000000000001965350191104
Ni78,77.96318,-34.298,8.23,β-150ns,2.11e-15,35700000000000002096145367040
Cu52,51.99718,-2.627,7.686,p-ns,-,-
Cu53,52.98555,-13.46,7.897,p300ns,1.52e-15,26200000000000000183207198720
Cu54,53.97671,-21.694,8.053,p75ns,6.1e-15,99999999999999991433150857216
Cu55,54.96605,-31.624,8.234,β+40ms,1.1e-20,189999999999999987417088
Cu56,55.95856,-38.601,8.355,β+94ms,4.9e-21,83000000000000002097152
Cu57,56.949211078,-47.309576,8.503274,β+196.3ms,2.324e-21,37340000000000001048576
Cu58,57.944538499,-51.662055,8.570869,β+3.204s,1.424e-22,2249000000000000000000
Cu59,58.939498028,-56.357224,8.641981,β+1.36min,5.6e-24,86600000000000000000
Cu60,59.93736503,-58.344099,8.665585,β+23.67min,3.21e-25,4901000000000000000
Cu61,60.933457821,-61.98364,8.715507,β+3.3h,3.802e-26,570950000000000000
Cu62,61.932583745,-62.797837,8.718249,β+9.673min,7.861e-25,11610000000000000000
Cu63,62.929597474,-65.579531,8.752134,S,0,0
Cu64,63.929764183,-65.424243,8.73907,β+12.7h,9.98e-27,140000000000000000
Cu65,64.927789485,-67.263661,8.757096,S,0,0
Cu66,65.928868813,-66.258274,8.731472,β-5.12min,1.49e-24,20600000000000000000
Cu67,66.927730314,-67.318779,8.737447,β-2.576d,2.05e-27,28020000000000000
Cu68,67.929610889,-65.567035,8.70189,β-31.1s,1.47e-23,197000000000000000000
Cu69,68.929429269,-65.736213,8.695203,β-2.85min,2.67e-24,35400000000000000000
Cu70,69.932392343,-62.976127,8.646861,β-44.5s,1.03e-23,134000000000000000000
Cu71,70.932676833,-62.711127,8.635022,β-19.5s,1.62e-23,302000000000000000000
Cu72,71.935820307,-59.782999,8.586525,β-6.6s,6.9e-23,880000000000000000000
Cu73,72.936675282,-58.986595,8.568557,β-4.3s,1.1e-22,1400000000000000000000
Cu74,73.939874862,-56.006205,8.521562,β-1.594s,2.862e-22,3500000000000000000000
Cu75,74.9419,-54.119802,8.490407,β-1.224s,3.727e-22,4550000000000000000000
Cu76,75.945275026,-50.975985,8.443527,β-640ms,7.12e-22,8569999999999999475712
Cu77,76.94785,-48.577,8.408,β-469ms,9.73e-22,11600000000000000000000
Cu78,77.95196,-44.749,8.354,β-342ms,1.33e-21,15699999999999998951424
Cu79,78.95456,-42.327,8.32,β-n188ms,2.43e-21,28099999999999998951424
Cu80,79.96087,-36.449,8.243,β-300ns,1.05e-15,17400000000000000725983690752
Zn54,53.99295,-6.567,7.758,p-ns,-,-
Zn55,54.98398,-14.923,7.916,β+20ms,2.3e-20,379999999999999974834176
Zn56,55.97238,-25.728,8.112,β+500ns,6.3e-16,15000000000000000474191233024
Zn57,56.964788,-32.8,8.235,β+p38ms,1.2e-20,189999999999999987417088
Zn58,57.954591555,-42.297694,8.395926,β+84ms,5.4e-21,86999999999999993708544
Zn59,58.949263764,-47.260499,8.474539,β+182ms,2.51e-21,38799999999999995805696
Zn60,59.941827035,-54.187768,8.583273,β+2.38min,3.19e-24,48800000000000000000
Zn61,60.939510635,-56.34548,8.610253,β+1.48min,5.12e-24,76600000000000000000
Zn62,61.934329764,-61.171431,8.679398,β+9.1861h,1.38e-26,203800000000000000
Zn63,62.933211566,-62.213025,8.686279,β+38.47min,1.977e-25,2874000000000000000
Zn64,63.929142222,-66.003595,8.735898,S,0,0
Zn65,64.929240984,-65.911599,8.724259,β+243.66d,1.502e-29,305380000000000
Zn66,65.926033419,-68.899427,8.759636,S,0,0
Zn67,66.927127345,-67.880441,8.734154,S,0,0
Zn68,67.924844154,-70.00722,8.755682,S,0,0
Zn69,68.926550281,-68.417973,8.722731,β-56.33min,1.35e-25,1790000000000000000
Zn70,69.925319274,-69.564648,8.729806,β-1.3e16y,7.7e-46,0.015
Zn71,70.927721599,-67.326897,8.689014,β-2.45min,3.1e-24,40000000000000000000
Zn72,71.926857951,-68.13138,8.691609,β-1.93d,2.73e-27,34600000000000000
Zn73,72.929779104,-65.410343,8.645837,β-23.5s,1.94e-23,244000000000000000000
Zn74,73.929458609,-65.708883,8.642107,β-1.59min,4.77e-24,59000000000000000000
Zn75,74.932936741,-62.469023,8.591299,β-10.2s,4.47e-23,547000000000000000000
Zn76,75.93329357,-62.13664,8.580083,β-5.7s,8e-23,970000000000000000000
Zn77,76.936958967,-58.722344,8.529135,β-2.08s,2.19e-22,2600000000000000000000
Zn78,77.938440216,-57.34257,8.505576,β-1.47s,3.1e-22,3640000000000000000000
Zn79,78.942652,-53.42,8.45,β-995ms,4.59e-22,5300000000000000000000
Zn80,79.944342348,-51.844769,8.425997,β-540ms,5.86e-22,9670000000000000524288
Zn81,80.95048,-46.128,8.351,β-290ms,1.57e-21,17800000000000000000000
Zn82,81.95442,-42.457,8.303,β-150ns,2.11e-15,33999999999999999902021058560
Zn83,82.96103,-36.3,8.226,β-150ns,2.11e-15,33500000000000000032816234496
Ga56,55.99491,-4.741,7.723,p-ns,-,-
Ga57,56.98293,-15.901,7.925,p-ns,-,-
Ga58,57.97425,-23.986,8.067,p-ns,-,-
Ga59,58.96337,-34.121,8.239,p-ns,-,-
Ga60,59.95706,-39.998,8.334,β+70ms,6.5e-21,99999999999999991611392
Ga61,60.949446287,-47.09048,8.445706,β+168ms,2.72e-21,40800000000000000000000
Ga62,61.944175238,-52.000431,8.51886,β+116.12ms,2.7232e-21,58032000000000004194304
Ga63,62.939294196,-56.547093,8.583926,β+32.4s,1.41e-23,205000000000000000000
Ga64,63.936838747,-58.834328,8.611654,β+2.627min,2.895e-24,41420000000000000000
Ga65,64.932734754,-62.657173,8.662154,β+15.2min,5e-25,7026000000000000000
Ga66,65.93158901,-63.724427,8.669373,β+9.50h,1.34e-26,185000000000000000
Ga67,66.928201703,-66.879683,8.70754,e3.2617d,1.1221e-27,22131000000000000
Ga68,67.927980084,-67.08612,8.70122,β+1.129h,1.123e-25,1513000000000000000
Ga69,68.925573587,-69.327758,8.724578,S,0,0
Ga70,69.926021972,-68.910089,8.709279,β-21.13min,3.597e-25,4706000000000000000
Ga71,70.924701349,-70.140242,8.71762,S,0,0
Ga72,71.926366268,-68.58938,8.687104,β-14.1h,8.99e-27,114000000000000000
Ga73,72.925174682,-69.699335,8.693873,β-4.86h,2.61e-26,328000000000000000
Ga74,73.926945762,-68.049585,8.663166,β-8.12min,9.36e-25,11600000000000000000
Ga75,74.926500246,-68.46458,8.660808,β-2.10min,3.62e-24,44200000000000000000
Ga76,75.928827626,-66.29664,8.624526,β-32.6s,1.4e-23,169000000000000000000
Ga77,76.9291543,-65.992344,8.61339,β-13.2s,3.46e-23,412000000000000000000
Ga78,77.93160818,-63.70657,8.577135,β-5.09s,8.96e-23,1050000000000000000000
Ga79,78.93289326,-62.509526,8.55558,β-2.847s,1.603e-22,1858000000000000000000
Ga80,79.936515781,-59.135169,8.507347,β-1.676s,1.887e-22,3116000000000000000000
Ga81,80.937752355,-57.983308,8.487744,β-1.217s,3.749e-22,4236999999999999737856
Ga82,81.94299,-53.104,8.423,β-599ms,7.62e-22,8510000000000000524288
Ga83,82.94698,-49.388,8.374,β-308ms,1.48e-21,16400000000000000000000
Ga84,83.95265,-44.106,8.308,β-n85ms,5.4e-21,60000000000000000000000
Ga85,84.957,-40.054,8.257,β-150ns,2.11e-15,32800000000000001975148085248
Ga86,85.96312,-34.353,8.189,β-150ns,2.11e-15,32400000000000001200174923776
Ge58,57.99101,-8.374,7.784,p-s,-,-
Ge59,58.98175,-17,7.935,p-s,-,-
Ge60,59.97019,-27.768,8.117,β+30ms,1.5e-20,230000000000000004194304
Ge61,60.96379,-33.729,8.214,β+p39ms,1.2e-20,179999999999999991611392
Ge62,61.95465,-42.243,8.349,β+150ns,2.11e-15,44900000000000002328342036480
Ge63,62.94964,-46.91,8.419,β+142ms,3.21e-21,46699999999999996854272
Ge64,63.941653,-54.349881,8.529361,β+1.06min,7.16e-24,102000000000000000000
Ge65,64.939436406,-56.414625,8.554079,β+30.9s,1.48e-23,208000000000000000000
Ge66,65.933843453,-61.624427,8.625701,β+2.261h,5.61e-26,781000000000000000
Ge67,66.93273407,-62.65781,8.63285,β+18.8min,2.79e-25,5500000000000000000
Ge68,67.92809424,-66.979785,8.688151,e270.9d,1.9489e-29,262490000000000
Ge69,68.927964533,-67.100605,8.680962,β+1.627d,3.245e-27,43080000000000000
Ge70,69.924247381,-70.563111,8.721717,S,0,0
Ge71,70.924950954,-69.907736,8.703326,e11.43d,4.62e-28,5959000000000000
Ge72,71.922075815,-72.585911,8.731745,S,0,0
Ge73,72.923458945,-71.297534,8.705049,S,0,0
Ge74,73.921177767,-73.422437,8.7252,S,0,0
Ge75,74.922858948,-71.856427,8.695602,β-1.380h,9.186e-26,1122000000000000000
Ge76,75.921402557,-73.213046,8.705238,S,0,0
Ge77,76.923548591,-71.214029,8.671044,β-11.3h,1.12e-26,133000000000000000
Ge78,77.922852739,-71.862211,8.671665,β-1.5h,8.6e-26,1000000000000000000
Ge79,78.925400995,-69.488526,8.634019,β-18.98s,2.404e-23,278700000000000000000
Ge80,79.925372392,-69.515169,8.627318,β-29.5s,1.55e-23,177000000000000000000
Ge81,80.928820467,-66.303308,8.580801,β-7.6s,4.2e-23,680000000000000000000
Ge82,81.929549725,-65.624008,8.566304,β-4.55s,1e-22,1120000000000000000000
Ge83,82.93462,-60.901,8.503,β-1.85s,2.47e-22,2720000000000000000000
Ge84,83.93747,-58.246,8.467,β-947.0ms,3.339e-22,5251000000000000262144
Ge85,84.94303,-53.067,8.401,β-535ms,5.91e-22,9190000000000000524288
Ge86,85.94649,-49.844,8.36,β-150ns,2.11e-15,32400000000000001200174923776
Ge87,86.95251,-44.237,8.292,β-140ms,2.26e-21,34300000000000001048576
Ge88,87.95691,-40.138,8.243,β-300ns,1.05e-15,15799999999999999825114300416
Ge89,88.96383,-33.692,8.169,β-50ms,9.1e-21,94000000000000004194304
As60,59.99313,-6.399,7.748,p-ms,-,-
As61,60.98062,-18.052,7.944,p-ms,-,-
As62,61.9732,-24.964,8.058,p-ms,-,-
As63,62.96369,-33.823,8.198,p-ms,-,-
As64,63.957572,-39.521,8.285,β+18ms,1.8e-20,359999999999999983222784
As65,64.949564,-46.981,8.397,β+128ms,2.47e-21,50200000000000002097152
As66,65.94471,-51.502304,8.460482,β+95.77ms,4.764e-21,66080000000000000000000
As67,66.939186071,-56.64781,8.531472,β+42.5s,1.07e-23,147000000000000000000
As68,67.936769069,-58.899233,8.557814,β+2.527min,3.009e-24,40530000000000000000
As69,68.932273675,-63.086666,8.611451,β+15.2min,5e-25,6618000000000000000
As70,69.930924826,-64.343111,8.621684,β+52.67min,1.45e-25,1893000000000000000
As71,70.927112428,-67.894336,8.663949,β+2.72d,1.941e-27,25000000000000000
As72,71.926752283,-68.229809,8.660378,β+1.1d,4.9e-27,60000000000000000
As73,72.923824844,-70.956701,8.689663,e80.3d,6.58e-29,830000000000000
As74,73.923928692,-70.859967,8.68,β+17.77d,2.972e-28,3678000000000000
As75,74.921596478,-73.03241,8.70085,S,0,0
As76,75.922394021,-72.289504,8.682792,β-1.0942d,3.3448e-27,58156000000000000
As77,76.920647286,-73.916577,8.695981,β-1.618d,3.264e-27,38820000000000000
As78,77.921827281,-72.817419,8.673881,β-1.511h,8.38e-26,984500000000000000
As79,78.920947934,-73.636526,8.676622,β-9.02min,8.44e-25,9780000000000000000
As80,79.922533816,-72.159286,8.65059,β-15.2s,3e-23,344000000000000000000
As81,80.922132287,-72.533308,8.648056,β-33.3s,1.37e-23,155000000000000000000
As82,81.924504067,-70.324008,8.61408,β-19.1s,2.39e-23,266000000000000000000
As83,82.924980024,-69.880657,8.602199,β-13.4s,3.4e-23,376000000000000000000
As84,83.929058,-66.082,8.551,β-3.24s,9.76e-23,1540000000000000000000
As85,84.93202,-63.323,8.513,β-n2.021s,2.257e-22,2432000000000000000000
As86,85.9365,-59.15,8.459,β-945ms,4.83e-22,5150000000000000524288
As87,86.9399,-55.983,8.418,β-560ms,5.65e-22,8569999999999999475712
As88,87.94494,-51.288,8.361,β-300ns,1.05e-15,15799999999999999825114300416
As89,88.94939,-47.143,8.311,β-300ns,1.05e-15,15599999999999999437627719680
As90,89.9555,-41.451,8.245,β-80ms,5.7e-21,56000000000000000000000
As91,90.96043,-36.859,8.193,β-150ns,2.11e-15,30599999999999999911818952704
As92,91.9668,-30.926,8.127,β-300ns,1.05e-15,15099999999999999568422895616
Se65,64.96466,-32.919,8.169,β+50ms,9.1e-21,129999999999999995805696
Se66,65.95521,-41.722,8.3,β+33ms,1.4e-20,189999999999999987417088
Se67,66.95009,-46.491,8.368,β+136ms,2.33e-21,45799999999999997902848
Se68,67.941798,-54.214814,8.47742,β+35.5s,1.29e-23,173000000000000000000
Se69,68.939557817,-56.301531,8.501777,β+27.4s,1.67e-23,221000000000000000000
Se70,69.933390644,-62.046216,8.577695,β+41.17min,1.85e-25,2419000000000000000
Se71,70.932241822,-63.116336,8.585635,β+4.73min,1.6e-24,20700000000000000000
Se72,71.927112352,-67.894407,8.644854,e8.4d,6.3e-28,8400000000000000
Se73,72.926765345,-68.217642,8.641425,β+7.14h,1.77e-26,223000000000000000
Se74,73.922476436,-72.212735,8.687708,S,0,0
Se75,74.922523368,-72.169018,8.678907,e119.79d,3.0552e-29,538310000000000
Se76,75.919213597,-75.25205,8.711478,S,0,0
Se77,76.919914038,-74.599594,8.694691,S,0,0
Se78,77.91730909,-77.026086,8.717808,S,0,0
Se79,78.918499098,-75.917602,8.695593,β-295000y,4.9e-35,569000000
Se80,79.916521271,-77.759936,8.710819,S,0,0
Se81,80.917992474,-76.389519,8.686005,β-18.45min,4.121e-25,4660000000000000000
Se82,81.916699401,-77.594008,8.693198,S,0,0
Se83,82.919118473,-75.340657,8.658557,β-22.33min,3.41e-25,3763000000000000000
Se84,83.918462354,-75.951829,8.658841,β-3.10min,1.7e-24,26700000000000000000
Se85,84.922245053,-72.428267,8.610476,β-31.7s,1.44e-23,155000000000000000000
Se86,85.924271579,-70.54057,8.582256,β-15.3s,2.98e-23,317000000000000000000
Se87,86.928521358,-66.581926,8.530882,β-5.5s,8.3e-23,880000000000000000000
Se88,87.931423998,-63.878135,8.494935,β-1.53s,2.98e-22,3100000000000000000000
Se89,88.93645,-59.196,8.438,β-410ms,1.11e-21,11400000000000000000000
Se90,89.93996,-55.927,8.397,β-300ns,1.05e-15,15500000000000000343396057088
Se91,90.94596,-50.338,8.332,β-270ms,1.69e-21,17000000000000000000000
Se92,91.94992,-46.649,8.289,β-300ns,1.05e-15,15099999999999999568422895616
Se93,92.95629,-40.716,8.223,β-150ns,2.11e-15,29900000000000001854150803456
Se94,93.96049,-36.803,8.18,β-150ns,2.11e-15,29600000000000000173409304576
Br67,66.96479,-32.798,8.152,p-ns,-,-
Br68,67.958516,-38.642,8.237,p1.2µs,2.6e-16,5099999999999999985303158784
Br69,68.950106,-46.476,8.348,p24ns,1.9e-14,250000000000000004971156209664
Br70,69.944792,-51.426,8.415,β+79.1ms,5.77e-21,75499999999999996854272
Br71,70.93874,-57.063323,8.489362,β+21.4s,2.13e-23,275000000000000000000
Br72,71.936644572,-59.015201,8.510665,β+1.31min,5.8e-24,74100000000000000000
Br73,72.931691524,-63.628936,8.567849,β+3.3min,1.6e-24,28000000000000000000
Br74,73.929891034,-65.306081,8.583803,β+25.3min,2.07e-25,3700000000000000000
Br75,74.925776207,-69.139018,8.628076,β+1.6h,7.86e-26,960300000000000000
Br76,75.924541469,-70.289169,8.635883,β+16.2h,7.82e-27,94300000000000000
Br77,76.921379082,-73.234914,8.666808,β+2.37650d,2.222e-27,26429000000000000
Br78,77.921145706,-73.452302,8.66196,β+6.47min,1.18e-24,13800000000000000000
Br79,78.918337087,-76.068514,8.6876,S,0,0
Br80,79.918529296,-75.889472,8.677659,β-17.68min,4.301e-25,4925000000000000000
Br81,80.916290563,-77.974839,8.695918,S,0,0
Br82,81.916804119,-77.496465,8.682468,β-1.47014d,3.592e-27,40120000000000000
Br83,82.915180421,-79.00893,8.693327,β-2.4h,5.3e-26,610000000000000000
Br84,83.916478974,-77.799335,8.671522,β-31.80min,1.657e-25,2607000000000000000
Br85,84.915608403,-78.610267,8.674001,β-2.90min,1.82e-24,28300000000000000000
Br86,85.918797577,-75.63957,8.63245,β-55.1s,8.28e-24,88200000000000000000
Br87,86.920711324,-73.856926,8.60551,β-55.65s,8.198e-24,86290000000000000000
Br88,87.924065926,-70.732135,8.563931,β-16.29s,1.941e-23,291400000000000000000
Br89,88.926385334,-68.57162,8.53412,β-4.4s,1e-22,1100000000000000000000
Br90,89.930627737,-64.619846,8.485069,β-1.91s,2.39e-22,2430000000000000000000
Br91,90.933968095,-61.508323,8.44633,β-541ms,8.43e-22,8489999999999999475712
Br92,91.939258714,-56.580144,8.388687,β-343ms,1.33e-21,13200000000000000000000
Br93,92.94305,-53.049,8.348,β-n102ms,4.47e-21,44099999999999998951424
Br94,93.94868,-47.804,8.289,β-n70ms,6.5e-21,64000000000000000000000
Br95,94.95287,-43.901,8.245,β-150ns,2.11e-15,29299999999999998492667805696
Br96,95.95853,-38.629,8.188,β-150ns,2.11e-15,29000000000000001209972817920
Br97,96.9628,-34.652,8.146,β-150ns,2.11e-15,28699999999999999529231319040
Kr69,68.96518,-32.435,8.133,β+32ms,1.4e-20,189999999999999987417088
Kr70,69.955259,-41.676,8.264,β+52ms,6.1e-21,110000000000000004194304
Kr71,70.949625738,-46.923323,8.335526,β+100ms,4.56e-21,58900000000000003145728
Kr72,71.942092038,-53.940919,8.429323,β+17.1s,1.85e-23,339000000000000000000
Kr73,72.939289195,-56.551751,8.460184,β+27.3s,1.16e-23,210000000000000000000
Kr74,73.933084369,-62.331509,8.533034,β+11.5min,6.61e-25,8190000000000000000
Kr75,74.930945746,-64.323624,8.553439,β+4.28min,1.77e-24,21700000000000000000
Kr76,75.925910078,-69.014318,8.608815,β+14.8h,8.56e-27,103000000000000000
Kr77,76.92467,-70.169443,8.616836,β+1.239h,1.02e-25,1216000000000000000
Kr78,77.920364783,-74.179727,8.661256,β+2.3e20y,4.4e-50,7.4e-07
Kr79,78.920082431,-74.442736,8.657118,β+1.459d,2.507e-27,41930000000000000
Kr80,79.916378965,-77.892492,8.692917,S,0,0
Kr81,80.916592015,-77.694038,8.682792,e229000y,6.31e-35,716000000
Kr82,81.9134836,-80.589508,8.710647,S,0,0
Kr83,82.914136099,-79.981709,8.695621,S,0,0
Kr84,83.911506687,-82.430991,8.717347,S,0,0
Kr85,84.912527331,-81.480267,8.698562,β-10.724y,9.3441e-31,14526000000000
Kr86,85.910610729,-83.26557,8.712027,S,0,0
Kr87,86.913354862,-80.709426,8.675282,β-1.272h,9.97e-26,1000000000000000000
Kr88,87.914446969,-79.692135,8.656859,β-2.83h,4.46e-26,463000000000000000
Kr89,88.917630581,-76.72662,8.616959,β-3.15min,2.41e-24,24800000000000000000
Kr90,89.919516555,-74.969846,8.591377,β-32.32s,1.412e-23,143600000000000000000
Kr91,90.923445215,-71.310323,8.545447,β-8.57s,5.32e-23,534000000000000000000
Kr92,91.92615621,-68.785048,8.512845,β-1.84s,2.48e-22,2470000000000000000000
Kr93,92.931274357,-64.017525,8.456834,β-1.286s,3.548e-22,3492999999999999737856
Kr94,93.93436,-61.143,8.422,β-212ms,1.49e-21,20999999999999997902848
Kr95,94.93984,-56.039,8.365,β-114ms,4e-21,38699999999999996854272
Kr96,95.94307,-53.03,8.33,β-80ms,5.7e-21,52000000000000000000000
Kr97,96.94856,-47.916,8.275,β-63ms,7.2e-21,68000000000000000000000
Kr98,97.95191,-44.796,8.241,β-46ms,9.9e-21,92999999999999997902848
Kr99,98.9576,-39.495,8.186,β-40ms,1.1e-20,99999999999999991611392
Kr100,99.96114,-36.198,8.152,β-300ns,1.05e-15,13899999999999999442526666752
Rb72,71.95908,-38.117,8.199,p1.2µs,2.6e-16,4799999999999999953829101568
Rb73,72.950561,-46.052,8.306,p30ns,1.5e-14,189999999999999985482205233152
Rb74,73.944264751,-51.91705,8.381726,β+64.76ms,7.045e-21,87170000000000003670016
Rb75,74.93857,-57.221677,8.448315,β+19s,2.4e-23,300000000000000000000
Rb76,75.935072226,-60.479832,8.486225,β+36.5s,1.25e-23,150000000000000000000
Rb77,76.930408,-64.824531,8.537261,β+3.77min,2.02e-24,24000000000000000000
Rb78,77.928141,-66.936228,8.558361,β+17.67min,2.984e-25,5055000000000000000
Rb79,78.92398946,-70.803362,8.601147,β+22.8min,2.3e-25,3850000000000000000
Rb80,79.92251925,-72.172854,8.611642,β+33.4s,1.37e-23,156000000000000000000
Rb81,80.918995913,-75.454821,8.64549,β+4.569h,1.922e-26,313600000000000000
Rb82,81.918208598,-76.188201,8.647431,β+1.273min,5.973e-24,66710000000000000000
Rb83,82.915109701,-79.074805,8.675269,e86.2d,6.13e-29,679000000000000
Rb84,83.914384821,-79.750025,8.676117,β+33.1d,1.11e-28,1740000000000000
Rb85,84.911789737,-82.167331,8.697441,S,0,0
Rb86,85.911167419,-82.747017,8.696901,β-18.642d,2.8326e-28,3016600000000000
Rb87,86.909180526,-84.597795,8.710983,β-4.82e10y,2.08e-40,3170
Rb88,87.911315588,-82.608998,8.681115,β-17.773min,2.9653e-25,4452700000000000000
Rb89,88.912278016,-81.712502,8.66419,β-15.15min,5.019e-25,5166000000000000000
Rb90,89.914801694,-79.361712,8.631483,β-2.63min,2.89e-24,29400000000000000000
Rb91,90.916536958,-77.745323,8.607564,β-58.4s,7.81e-24,78600000000000000000
Rb92,91.9197289,-74.772048,8.569417,β-4.492s,1.016e-22,1011000000000000000000
Rb93,92.922041876,-72.617525,8.540895,β-5.84s,7.81e-23,769000000000000000000
Rb94,93.926404946,-68.553352,8.492663,β-2.702s,1.689e-22,1645000000000000000000
Rb95,94.929302889,-65.853935,8.459813,β-377.5ms,1.209e-21,11649999999999999475712
Rb96,95.934272637,-61.224644,8.407544,β-203ms,2.25e-21,21400000000000002097152
Rb97,96.937351916,-58.356314,8.374508,β-169.9ms,2.685e-21,25349999999999998427136
Rb98,97.941790668,-54.221644,8.329223,β-114ms,4e-21,37500000000000001048576
Rb99,98.945379283,-50.87887,8.292853,β-50.3ms,9.07e-21,83799999999999993708544
Rb100,99.94987,-46.696,8.249,β-51ms,8.9e-21,81000000000000006291456
Rb101,100.953196445,-43.597231,8.216371,β-32ms,1.4e-20,129999999999999995805696
Rb102,101.95887,-38.312,8.163,β-37ms,1.2e-20,110000000000000004194304
Sr73,72.96597,-31.699,8.098,β+25ms,1.8e-20,230000000000000004194304
Sr74,73.95631,-40.697,8.22,β+1.2µs,2.6e-16,4699999999999999760085811200
Sr75,74.949949568,-46.621677,8.296551,β+88ms,5.2e-21,62000000000000004194304
Sr76,75.941766782,-54.243893,8.393879,β+7.89s,4.01e-23,697000000000000000000
Sr77,76.937944782,-57.804063,8.435926,β+9.0s,5.1e-23,600000000000000000000
Sr78,77.93218,-63.173924,8.500096,β+2.5min,2.1e-24,36000000000000000000
Sr79,78.929708,-65.476577,8.523816,β+2.25min,3.38e-24,39100000000000000000
Sr80,79.924521013,-70.308223,8.578555,β+1.772h,7.153e-26,818800000000000000
Sr81,80.923211846,-71.527705,8.587348,β+22.33min,3.41e-25,3856000000000000000
Sr82,81.918401639,-76.008384,8.635698,e25.56d,1.432e-28,2308000000000000
Sr83,82.917556701,-76.795439,8.638381,β+1.351d,3.91e-27,43150000000000000
Sr84,83.913425275,-80.643837,8.677444,S,0,0
Sr85,84.912932803,-81.102572,8.67571,e64.853d,8.1423e-29,877320000000000
Sr86,85.909260204,-84.523576,8.708461,S,0,0
Sr87,86.908877124,-84.880413,8.705238,S,0,0
Sr88,87.905612124,-87.92174,8.732596,S,0,0
Sr89,88.907450675,-86.209141,8.705924,β-50.53d,1.045e-28,1075000000000000
Sr90,89.907737888,-85.941604,8.6959,β-28.88y,3.47e-31,5094000000000
Sr91,90.910203095,-83.645279,8.663802,β-9.64h,1.32e-26,130000000000000000
Sr92,91.911037858,-82.867702,8.64891,β-2.661h,4.76e-26,475000000000000000
Sr93,92.914025634,-80.084606,8.612773,β-7.423min,1.024e-24,10090000000000000000
Sr94,93.915361312,-78.84043,8.593777,β-1.26min,6.06e-24,58800000000000000000
Sr95,94.919358766,-75.116826,8.549082,β-23.9s,1.91e-23,184000000000000000000
Sr96,95.921696802,-72.938959,8.521419,β-1.07s,4.26e-22,4080000000000000000000
Sr97,96.926152923,-68.788109,8.473987,β-429ms,1.06e-21,10000000000000000000000
Sr98,97.928452934,-66.645662,8.448016,β-653ms,6.99e-22,6529999999999999475712
Sr99,98.933240926,-62.185677,8.399161,β-269ms,1.7e-21,15699999999999998951424
Sr100,99.935351911,-60.219307,8.376218,β-202ms,2.26e-21,20700000000000001048576
Sr101,100.940517888,-55.407231,8.325555,β-118ms,3.87e-21,35100000000000001048576
Sr102,101.943018987,-53.077471,8.300222,β-69ms,6.6e-21,59000000000000002097152
Sr103,102.94895,-47.553,8.245,β-150ns,2.11e-15,27000000000000001733153521664
Sr104,103.95233,-44.404,8.212,β-30ms,1.5e-20,129999999999999995805696
Sr105,104.95858,-38.582,8.156,β-20ms,2.3e-20,199999999999999983222784
Y76,75.95845,-38.704,8.18,β+200ns,1.58e-15,27500000000000001602358345728
Y77,76.949645,-46.905,8.284,p57ms,5.5e-21,94999999999999993708544
Y78,77.94361,-52.527,8.354,β+50ms,6.3e-21,110000000000000004194304
Y79,78.937351634,-58.356577,8.423786,β+14.8s,3.08e-23,356000000000000000000
Y80,79.93428,-61.217786,8.455145,β+30.1s,1.52e-23,174000000000000000000
Y81,80.929127468,-66.017338,8.509661,β+1.17min,6.48e-24,73000000000000000000
Y82,81.926792451,-68.192393,8.53084,β+8.2s,5.5e-23,610000000000000000000
Y83,82.922354243,-72.326557,8.575113,β+7.08min,1.07e-24,11800000000000000000
Y84,83.920388264,-74.157855,8.590916,β+4.6s,1e-22,1100000000000000000000
Y85,84.916433039,-77.842123,8.628148,β+2.681h,4.73e-26,510000000000000000
Y86,85.914885576,-79.283576,8.638434,β+14.739h,8.598e-27,91555000000000000
Y87,86.91087573,-83.018723,8.674848,β+3.32d,1.59e-27,16700000000000000
Y88,87.909501146,-84.29914,8.68254,β+106.626d,3.4325e-29,515420000000000
Y89,88.905848295,-87.701749,8.713904,S,0,0
Y90,89.907151886,-86.487462,8.693272,β-2.7d,2e-27,20000000000000000
Y91,90.907304791,-86.345031,8.684872,β-58.51d,9.025e-29,908300000000000
Y92,91.908949143,-84.813327,8.661554,β-3.53h,2.48e-26,356000000000000000
Y93,92.909582713,-84.22316,8.648862,β-10.181h,1.245e-26,122600000000000000
Y94,93.911595245,-82.348499,8.622774,β-18.67min,4.07e-25,3958000000000000000
Y95,94.912820621,-81.207068,8.604954,β-10.3min,7.38e-25,7110000000000000000
Y96,95.915891343,-78.346709,8.5696,β-5.34s,8.54e-23,815000000000000000000
Y97,96.918133995,-76.257693,8.542927,β-3.75s,1.22e-22,1150000000000000000000
Y98,97.92220302,-72.46742,8.499439,β-548ms,8.33e-22,7769999999999999475712
Y99,98.924636204,-70.200924,8.47222,β-1.47s,3.1e-22,2870000000000000000000
Y100,99.927756586,-67.294307,8.439145,β-735ms,6.21e-22,5689999999999999475712
Y101,100.93031385,-64.912231,8.411918,β-450ms,7.03e-22,9190000000000000524288
Y102,101.933555695,-61.892471,8.378974,β-300ms,1.52e-21,13600000000000000000000
Y103,102.93673,-58.936,8.348,β-230ms,1.37e-21,17600000000000000000000
Y104,103.94105,-54.912,8.306,β-180ms,2.53e-21,22300000000000001048576
Y105,104.94487,-51.353,8.27,β-60ms,7.6e-21,65999999999999995805696
Y106,105.94979,-46.77,8.225,β-150ns,2.11e-15,26299999999999999277438861312
Y107,106.95414,-42.718,8.186,β-30ms,1.5e-20,129999999999999995805696
Y108,107.95948,-37.744,8.138,β-20ms,2.3e-20,189999999999999987417088
Zr78,77.95523,-41.703,8.205,β+50ms,9.1e-21,110000000000000004194304
Zr79,78.94916,-47.357,8.275,β+56ms,8.1e-21,94000000000000004194304
Zr80,79.9404,-55.517043,8.374107,β+4.6s,1e-22,1100000000000000000000
Zr81,80.937210026,-58.488484,8.407053,β+5.5s,8.3e-23,940000000000000000000
Zr83,82.928653801,-66.458557,8.494988,β+41.6s,1.1e-23,120000000000000000000
Zr82,81.931087,-64.192,8.473,β+32s,1.4e-23,160000000000000000000
Zr84,83.92325,-71.492,8.551,β+25.8min,2.03e-25,3200000000000000000
Zr85,84.921471182,-73.149123,8.563732,β+7.87min,9.67e-25,10400000000000000000
Zr86,85.916473591,-77.80435,8.612137,β+16.5h,7.68e-27,81800000000000000
Zr87,86.914816252,-79.34815,8.623665,β+1.681h,7.54e-26,793700000000000000
Zr88,87.910226904,-83.623101,8.665968,e83.4d,6.33e-29,659000000000000
Zr89,88.9088895,-84.868884,8.673284,β+3.267d,1.616e-27,16630000000000000
Zr90,89.904704416,-88.767265,8.70991,S,0,0
Zr91,90.905645767,-87.890402,8.693257,S,0,0
Zr92,91.905040847,-88.453882,8.692622,S,0,0
Zr93,92.906476006,-87.11704,8.671566,β-1.53e6y,9.45e-36,93000000
Zr94,93.906315192,-87.266837,8.666774,S,0,0
Zr95,94.9080426,-85.657766,8.643569,β-64.032d,8.2467e-29,794990000000000
Zr96,95.908273386,-85.442791,8.635368,β-2.0e19y,5e-49,6.9e-06
Zr97,96.910953109,-82.946645,8.60382,β-16.744h,5.2459e-27,71457000000000000
Zr98,97.912734892,-81.286925,8.58145,β-30.7s,1.49e-23,139000000000000000000
Zr99,98.916512106,-77.768473,8.540758,β-2.1s,2.2e-22,2000000000000000000000
Zr100,99.917761889,-76.604307,8.524422,β-7.1s,6.4e-23,600000000000000000000
Zr101,100.921140415,-73.457231,8.488776,β-2.3s,2e-22,1800000000000000000000
Zr102,101.922981285,-71.742471,8.467872,β-2.9s,1.6e-22,1400000000000000000000
Zr103,102.926599606,-68.372027,8.431299,β-1.3s,3.5e-22,3100000000000000000000
Zr104,103.92878,-66.341,8.408,β-1.2s,3.8e-22,3400000000000000000000
Zr105,104.93305,-62.364,8.368,β-600ms,7.6e-22,6630000000000000524288
Zr106,105.93591,-59.699,8.339,β-200ms,2.28e-21,19699999999999998951424
Zr107,106.94075,-55.191,8.295,β-150ms,3.04e-21,26099999999999998951424
Zr108,107.94396,-52.201,8.265,β-80ms,5.7e-21,46000000000000004194304
Zr109,108.94924,-47.283,8.218,β-60ms,7.6e-21,64000000000000000000000
Zr110,109.95287,-43.901,8.186,β-150ns,2.11e-15,25299999999999999539029213184
Nb81,80.94903,-47.478,8.261,p800ms,4e-22,6400000000000000000000
Nb82,81.94313,-52.974,8.326,β+50ms,6.3e-21,99999999999999991611392
Nb83,82.936705382,-58.958557,8.395201,β+4.1s,1.1e-22,1200000000000000000000
Nb84,83.93357,-61.879,8.426,β+9.5s,3.3e-23,520000000000000000000
Nb85,84.927912447,-67.149123,8.48394,β+20.9s,2.18e-23,235000000000000000000
Nb86,85.925038326,-69.82635,8.510272,β+1.5min,5.2e-24,53900000000000000000
Nb87,86.920361108,-74.18315,8.555305,β+3.75min,2.03e-24,21300000000000000000
Nb88,87.918332163,-76.073101,8.571282,β+14.55min,3.622e-25,5439000000000000000
Nb89,88.913418245,-80.650386,8.617094,β+2.031h,6.24e-26,645000000000000000
Nb90,89.911264845,-82.656265,8.633318,β+14.6h,8.68e-27,88400000000000000
Nb91,90.906996243,-86.632442,8.670836,e681y,2.13e-32,210000000000
Nb92,91.907193888,-86.448337,8.662318,β+3.5e7y,4.17e-37,4150000
Nb93,92.906378058,-87.208278,8.664135,S,0,0
Nb94,93.907283888,-86.364502,8.648852,β-20300y,7.12e-34,6940000000
Nb95,94.906835792,-86.781901,8.647166,β-34.991d,1.5091e-28,1454800000000000
Nb96,95.908100647,-85.603696,8.628895,β-23.350h,5.428e-27,51760000000000000
Nb97,96.908098556,-85.605644,8.623167,β-1.203h,1.05e-25,995900000000000000
Nb98,97.910328412,-83.528547,8.596341,β-2.86s,1.6e-22,1490000000000000000000
Nb99,98.911618375,-82.326954,8.5789,β-15s,3e-23,280000000000000000000
Nb100,99.914181619,-79.939307,8.549948,β-1.5s,3e-22,2700000000000000000000
Nb101,100.915252025,-78.942231,8.535337,β-7.1s,6.4e-23,600000000000000000000
Nb102,101.918037614,-76.347471,8.505349,β-1.3s,3.5e-22,3100000000000000000000
Nb103,102.919143842,-75.317027,8.491131,β-1.5s,3e-22,2700000000000000000000
Nb104,103.922464701,-72.223666,8.45735,β-4.9s,9.3e-23,820000000000000000000
Nb105,104.923936545,-70.852653,8.440617,β-2.95s,1.55e-22,1350000000000000000000
Nb106,105.92797,-67.096,8.402,β-930ms,3.4e-22,4240000000000000000000
Nb107,106.93031,-64.916,8.378,β-330ms,9.58e-22,11800000000000000000000
Nb108,107.93484,-60.696,8.336,β-193ms,2.36e-21,20099999999999998951424
Nb109,108.93763,-58.097,8.311,β-190ms,2.4e-21,20199999999999997902848
Nb110,109.94244,-53.617,8.267,β-170ms,2.68e-21,22400000000000000000000
Nb111,110.94565,-50.627,8.239,β-80ms,5.7e-21,44999999999999997902848
Nb112,111.95083,-45.802,8.193,β-150ns,2.11e-15,24899999999999998764056051712
Nb113,112.9547,-42.197,8.161,β-30ms,1.5e-20,120000000000000000000000
Mo83,82.94874,-47.748,8.251,β+6ms,5e-20,799999999999999932891136
Mo84,83.94009,-55.806,8.344,β+3.7s,8.5e-23,1300000000000000000000
Mo85,84.93655,-59.103,8.38,β+3.2s,1.4e-22,1500000000000000000000
Mo86,85.930695904,-64.55635,8.439896,β+19.6s,2.33e-23,248000000000000000000
Mo87,86.927326502,-67.694927,8.471735,β+14.02s,2.255e-23,342500000000000000000
Mo88,87.921953241,-72.700088,8.524062,β+8.00min,9.5e-25,9930000000000000000
Mo89,88.919480009,-75.003889,8.54486,β+2.12min,2.5e-24,37100000000000000000
Mo90,89.913936896,-80.167265,8.596969,β+5.6h,2.28e-26,232000000000000000
Mo91,90.911750194,-82.204165,8.613577,β+15.49min,4.909e-25,4940000000000000000
Mo92,91.906810991,-86.805003,8.657692,S,0,0
Mo93,92.90681261,-86.803495,8.65137,e4100y,2.5e-33,36000000000
Mo94,93.905088269,-88.409708,8.662287,S,0,0
Mo95,94.905842129,-87.707492,8.648674,S,0,0
Mo96,95.904679477,-88.790496,8.653941,S,0,0
Mo97,96.906021465,-87.540442,8.635048,S,0,0
Mo98,97.905408169,-88.111723,8.635125,S,0,0
Mo99,98.90771187,-85.96584,8.607754,β-2.748d,1.922e-27,17780000000000000
Mo100,99.907477336,-86.184307,8.604575,β-7.3e18y,1.4e-48,1.8e-05
Mo101,100.910347001,-83.511231,8.572829,β-14.61min,5.205e-25,4718000000000000000
Mo102,101.91029736,-83.557471,8.568365,β-11.3min,6.73e-25,6040000000000000000
Mo103,102.913207142,-80.847027,8.537225,β-1.13min,6.76e-24,60100000000000000000
Mo104,103.913763625,-80.328666,8.52776,β-1.0min,7.6e-24,67000000000000000000
Mo105,104.91697461,-77.337653,8.494928,β-35.6s,1.28e-23,112000000000000000000
Mo106,105.918136802,-76.255078,8.480718,β-8.73s,5.23e-23,451000000000000000000
Mo107,106.921692604,-72.942869,8.445937,β-3.5s,1.3e-22,1100000000000000000000
Mo108,107.923453,-71.303,8.427,β-1.09s,4.19e-22,3550000000000000000000
Mo109,108.92781,-67.245,8.387,β-530ms,8.61e-22,7230000000000000524288
Mo110,109.92973,-65.456,8.368,β-270ms,1.17e-21,14099999999999998951424
Mo111,110.93441,-61.097,8.326,β-200ms,2.28e-21,18800000000000000000000
Mo112,111.93684,-58.833,8.303,β-150ns,2.11e-15,24899999999999998764056051712
Mo113,112.94188,-54.138,8.26,β-100ms,4.56e-21,36999999999999997902848
Mo114,113.94492,-51.307,8.233,β-80ms,5.7e-21,44000000000000000000000
Mo115,114.95029,-46.305,8.188,β-60ms,7.6e-21,60000000000000000000000
Tc85,84.94883,-47.665,8.237,p110ns,4.15e-15,44600000000000000647600537600
Tc86,85.94288,-53.207,8.299,β+55ms,8.3e-21,89000000000000006291456
Tc87,86.93653,-59.122,8.364,β+2.18s,2.09e-22,2200000000000000000000
Tc88,87.932678,-62.71,8.402,β+5.7s,8e-23,820000000000000000000
Tc89,88.927167,-67.844,8.456,β+12.8s,3.56e-23,366000000000000000000
Tc90,89.923556564,-71.206603,8.488714,β+8.7s,5.2e-23,520000000000000000000
Tc91,90.918427639,-75.984165,8.536628,β+3.13min,2.42e-24,24400000000000000000
Tc92,91.915260166,-78.934648,8.56364,β+4.25min,1.79e-24,17800000000000000000
Tc93,92.910248984,-83.602533,8.608539,β+2.8h,4.61e-26,453000000000000000
Tc94,93.909657002,-84.153961,8.60869,β+4.89h,2.6e-26,252000000000000000
Tc95,94.907657084,-86.016873,8.622643,β+20h,6.3e-27,63000000000000000
Tc96,95.907871383,-85.817254,8.614821,β+4.3d,1.23e-27,11800000000000000
Tc97,96.906365358,-87.220108,8.62368,e4.21e6y,2.38e-36,32400000
Tc98,97.907215966,-86.427771,8.609959,β-4.1e6y,2.4e-36,32000000
Tc99,98.906254747,-87.323141,8.613562,β-211000y,4.75e-35,634000000
Tc100,99.90765778,-86.016224,8.59507,β-15.46s,2.045e-23,270300000000000000000
Tc101,100.907314659,-86.33584,8.593049,β-14.22min,5.347e-25,4848000000000000000
Tc102,101.909215019,-84.565665,8.570579,β-5.28s,8.64e-23,776000000000000000000
Tc103,102.909181351,-84.597027,8.566037,β-54.2s,8.42e-24,74800000000000000000
Tc104,103.911447454,-82.486166,8.540983,β-18min,4.16e-25,3668000000000000000
Tc105,104.911660566,-82.287653,8.534619,β-7.67min,1e-24,8700000000000000000
Tc106,105.914357927,-79.775078,8.506545,β-35.6s,1.28e-23,111000000000000000000
Tc107,106.915079572,-79.102869,8.496195,β-21.2s,2.15e-23,184000000000000000000
Tc108,107.918461226,-75.952879,8.463095,β-5.17s,8.82e-23,748000000000000000000
Tc109,108.919982665,-74.535668,8.446498,β-860ms,5.31e-22,4460000000000000000000
Tc110,109.923820483,-70.960763,8.410589,β-920ms,4.96e-22,4120000000000000000000
Tc111,110.92569283,-69.216683,8.39182,β-290ms,1.57e-21,13000000000000000000000
Tc112,111.929146493,-65.999617,8.360234,β-290ms,1.57e-21,12899999999999998951424
Tc113,112.93159,-63.724,8.338,β-170ms,2.68e-21,21799999999999997902848
Tc114,113.93588,-59.727,8.3,β-150ms,3.04e-21,24499999999999998951424
Tc115,114.93869,-57.11,8.275,β-72ms,4.3e-21,49999999999999995805696
Tc116,115.94337,-52.751,8.237,β-90ms,5.1e-21,40000000000000000000000
Tc117,116.94648,-49.854,8.21,β-40ms,1.1e-20,89000000000000006291456
Tc118,117.95148,-45.196,8.169,β-30ms,1.5e-20,120000000000000000000000
Ru87,86.94918,-47.339,8.22,β+1.5µs,2.1e-16,3200000000000000152471339008
Ru88,87.94026,-55.647,8.313,β+1.2s,2.6e-22,4000000000000000000000
Ru89,88.93611,-59.513,8.354,β+1.5s,2.1e-22,3100000000000000000000
Ru90,89.92989,-65.307,8.415,β+11.7s,2.7e-23,397000000000000000000
Ru91,90.926292,-68.658,8.448,β+7.9s,4e-23,580000000000000000000
Ru92,91.92012,-74.408,8.506,β+3.65min,2.08e-24,20700000000000000000
Ru93,92.917052034,-77.265533,8.531987,β+59.7s,7.64e-24,75300000000000000000
Ru94,93.911359711,-82.567898,8.583494,β+51.83min,1.47e-25,1431000000000000000
Ru95,94.910412929,-83.449819,8.587386,β+1.643h,7.713e-26,743600000000000000
Ru96,95.907597835,-86.072062,8.609326,S,0,0
Ru97,96.9075547,-86.112242,8.604193,β+2.9d,1.8e-27,17000000000000000
Ru98,97.905287132,-88.224469,8.620309,S,0,0
Ru99,98.905939302,-87.616977,8.608627,S,0,0
Ru100,99.904219476,-89.218984,8.619274,S,0,0
Ru101,100.905582087,-87.94972,8.601282,S,0,0
Ru102,101.904349312,-89.098043,8.607344,S,0,0
Ru103,102.906323847,-87.258775,8.584283,β-39.26d,1.345e-28,1196000000000000
Ru104,103.905432701,-88.088872,8.587333,S,0,0
Ru105,104.907752866,-85.927653,8.561835,β-4.4h,2.85e-26,249000000000000000
Ru106,105.907329433,-86.322078,8.560929,β-1.018y,9.844e-30,122700000000000
Ru107,106.909905089,-83.922869,8.53393,β-3.75min,2.03e-24,17300000000000000000
Ru108,107.910173465,-83.672879,8.527332,β-4.55min,1.67e-24,14200000000000000000
Ru109,108.913203233,-80.850668,8.497257,β-34.5s,1.32e-23,111000000000000000000
Ru110,109.914136041,-79.981763,8.485485,β-11.6s,3.93e-23,328000000000000000000
Ru111,110.917696,-76.665683,8.45188,β-2.12s,2.15e-22,1770000000000000000000
Ru112,111.918965,-75.483617,8.437928,β-1.75s,2.61e-22,2140000000000000000000
Ru113,112.922487194,-72.202714,8.405649,β-800ms,5.7e-22,4640000000000000000000
Ru114,113.924281,-70.532,8.388,β-520ms,6.08e-22,7049999999999999475712
Ru115,114.928686173,-66.428402,8.349623,β-740ms,6.17e-22,4900000000000000000000
Ru116,115.93081,-64.45,8.33,β-400ms,1.14e-21,9000000000000000000000
Ru117,116.93558,-60.007,8.289,β-300ms,1.52e-21,11900000000000001048576
Ru118,117.93782,-57.92,8.27,β-123ms,2.57e-21,28800000000000000000000
Ru119,118.94284,-53.244,8.229,β-150ns,2.11e-15,23399999999999999156441579520
Ru120,119.94531,-50.943,8.209,β-150ns,2.11e-15,23200000000000000967978254336
Rh89,88.948837,-47.658,8.21,β+1.5µs,2.1e-16,3099999999999999958728048640
Rh90,89.94287,-53.216,8.271,β+12ms,2.6e-20,390000000000000004194304
Rh91,90.93655,-59.103,8.334,β+1.47s,2.15e-22,3120000000000000000000
Rh92,91.93198,-63.36,8.377,β+500ms,6.3e-22,9100000000000000000000
Rh93,92.92574,-69.173,8.438,β+11.9s,2.66e-23,377000000000000000000
Rh94,93.921698,-72.938,8.473,β+1.17min,6.46e-24,62900000000000000000
Rh95,94.91589874,-78.339819,8.525362,β+5.02min,1.51e-24,14600000000000000000
Rh96,95.914460631,-79.679409,8.534586,β+9.90min,5.32e-25,7330000000000000000
Rh97,96.911336797,-82.589242,8.559808,β+30.67min,2.48e-25,2336000000000000000
Rh98,97.910708158,-83.174815,8.560799,β+8.72min,8.72e-25,8150000000000000000
Rh99,98.908132104,-85.574394,8.580093,β+16.1d,3.28e-28,3030000000000000
Rh100,99.90812155,-85.584225,8.575103,β+20.8h,6.09e-27,55800000000000000
Rh101,100.906163625,-87.408021,8.588173,e3.2y,3e-30,40000000000000
Rh102,101.906843196,-86.775004,8.5769,β+207d,2.55e-29,229000000000000
Rh103,102.905504292,-88.022185,8.5841,S,0,0
Rh104,103.906655518,-86.949825,8.568858,β-42.3s,1.08e-23,95000000000000000000
Rh105,104.905693821,-87.845641,8.572651,β-1.473d,3.584e-27,31270000000000000
Rh106,105.907287135,-86.361478,8.55392,β-30.07s,1.052e-23,131100000000000000000
Rh107,106.906748423,-86.863285,8.554099,β-22min,3.5e-25,2996000000000000000
Rh108,107.908728018,-85.019304,8.532555,β-16.8s,2.72e-23,231000000000000000000
Rh109,108.908737289,-85.010668,8.528244,β-1.3min,5.7e-24,46100000000000000000
Rh110,109.911136411,-82.775901,8.503774,β-28.5s,1.6e-23,133000000000000000000
Rh111,110.911585913,-82.357192,8.496106,β-11s,4.2e-23,340000000000000000000
Rh112,111.914394159,-79.741327,8.468958,β-3.4s,1.3e-22,1100000000000000000000
Rh113,112.915530627,-78.682714,8.45607,β-2.8s,1.6e-22,1300000000000000000000
Rh114,113.918806,-75.631725,8.425932,β-1.85s,2.47e-22,1980000000000000000000
Rh115,114.920334,-74.208402,8.410472,β-990ms,4.61e-22,3660000000000000000000
Rh116,115.924062,-70.735792,8.377612,β-680ms,6.71e-22,5300000000000000000000
Rh117,116.92598,-68.949,8.36,β-440ms,1.04e-21,8110000000000000524288
Rh118,117.93007,-65.139,8.325,β-266ms,1.19e-21,13299999999999998951424
Rh119,118.93211,-63.239,8.306,β-150ns,2.11e-15,23399999999999999156441579520
Rh120,119.93641,-59.234,8.271,β-136ms,2.33e-21,25600000000000000000000
Rh121,120.93872,-57.082,8.251,β-151ms,2.09e-21,22899999999999998951424
Rh122,121.94321,-52.9,8.216,β-300ns,1.05e-15,11400000000000000096502546432
Pd91,90.94911,-47.403,8.198,β+1µs,3e-16,4999999999999999791559868416
Pd92,91.94042,-55.498,8.284,β+700ms,4.5e-22,6500000000000000000000
Pd93,92.93591,-59.699,8.326,β+1.3s,2.4e-22,3500000000000000000000
Pd94,93.92877,-66.35,8.394,β+9.0s,5.1e-23,490000000000000000000
Pd95,94.92469,-70.151,8.431,β+10s,4.6e-23,450000000000000000000
Pd96,95.918164359,-76.229409,8.490499,β+2.03min,3.74e-24,35700000000000000000
Pd97,96.916479073,-77.799242,8.502361,β+3.10min,1.7e-24,23200000000000000000
Pd98,97.912720902,-81.299957,8.533685,β+17.67min,4.3e-25,4020000000000000000
Pd99,98.911767833,-82.187735,8.537982,β+21.3min,2.46e-25,3290000000000000000
Pd100,99.908505886,-85.226218,8.5637,e3.63d,1.45e-27,13300000000000000
Pd101,100.908289242,-85.428021,8.560823,β+8.47h,1.5e-26,140000000000000000
Pd102,101.905608544,-87.925075,8.580505,S,0,0
Pd103,102.906087307,-87.47911,8.571231,e16.99d,3.1078e-28,2763100000000000
Pd104,103.904035834,-89.390045,8.584799,S,0,0
Pd105,104.90508492,-88.412828,8.570602,S,0,0
Pd106,105.903485715,-89.902478,8.579945,S,0,0
Pd107,106.905133481,-88.367594,8.560847,β-6.3e6y,1.5e-36,19000000
Pd108,107.903891701,-89.524304,8.567024,S,0,0
Pd109,108.905950451,-87.606591,8.544883,β-13.7012h,9.2498e-27,77710000000000000
Pd110,109.905153254,-88.349175,8.547328,S,0,0
Pd111,110.907670734,-86.004158,8.521914,β-23min,3.25e-25,2675000000000000000
Pd112,111.907314058,-86.336399,8.520857,β-21.031h,6.026e-27,49280000000000000
Pd113,112.910152908,-83.692028,8.493477,β-1.6min,4.9e-24,41000000000000000000
Pd114,113.910362638,-83.496665,8.48806,β-2.42min,3.14e-24,25300000000000000000
Pd115,114.913683824,-80.403,8.457535,β-25s,1.8e-23,150000000000000000000
Pd116,115.914158662,-79.960691,8.450393,β-11.8s,3.87e-23,306000000000000000000
Pd117,116.917841338,-76.530301,8.417833,β-4.2s,1.1e-22,830000000000000000000
Pd118,117.9189843,-75.465639,8.405874,β-1.9s,2.4e-22,1900000000000000000000
Pd119,118.92311,-71.623,8.371,β-920ms,4.96e-22,3810000000000000000000
Pd120,119.924691878,-70.149064,8.355993,β-500ms,9.12e-22,6960000000000000000000
Pd121,120.92887,-66.257,8.321,β-150ns,2.11e-15,22999999999999998381468418048
Pd122,121.93055,-64.692,8.306,β-175ms,1.81e-21,19600000000000000000000
Pd123,122.93493,-60.612,8.271,β-174ms,2.11e-15,19500000000000001048576
Pd124,123.93688,-58.796,8.255,β-38ms,8.3e-21,89000000000000006291456
Ag93,92.94978,-46.78,8.18,p1.5µs,2.1e-16,2999999999999999764984758272
Ag94,93.94278,-53.3,8.247,β+26ms,1.2e-20,169999999999999995805696
Ag95,94.93548,-60.1,8.317,β+2.0s,1.6e-22,2200000000000000000000
Ag96,95.93068,-64.571,8.361,β+4.45s,1.03e-22,978000000000000000000
Ag97,96.923972412,-70.819242,8.422337,β+25.9s,1.22e-23,166000000000000000000
Ag98,97.921566201,-73.060614,8.441627,β+47.5s,9.61e-24,89800000000000000000
Ag99,98.917597178,-76.757735,8.475231,β+2.07min,3.68e-24,34000000000000000000
Ag100,99.916104255,-78.148384,8.485098,β+2.02min,2.62e-24,34600000000000000000
Ag101,100.912802233,-81.224197,8.511455,β+11.1min,6.85e-25,6210000000000000000
Ag102,101.911685,-82.264893,8.517343,β+12.9min,5.89e-25,5276000000000000000
Ag103,102.90897272,-84.791366,8.537541,β+1.094h,1.16e-25,1028000000000000000
Ag104,103.908629157,-85.111392,8.536135,β+1.153h,1.1e-25,967500000000000000
Ag105,104.906528661,-87.067992,8.550343,β+41.28d,1.279e-28,1115000000000000
Ag106,105.906668921,-86.93734,8.544591,β+23.97min,3.174e-25,2742000000000000000
Ag107,106.90509682,-88.401743,8.553854,S,0,0
Ag108,107.905955556,-87.601836,8.54198,β-2.37min,3.21e-24,27200000000000000000
Ag109,108.904752292,-88.722669,8.547944,S,0,0
Ag110,109.906107231,-87.460552,8.532138,β-24.6s,1.85e-23,154000000000000000000
Ag111,110.905291157,-88.220719,8.534834,β-7.45d,7.09e-28,5840000000000000
Ag112,111.907004814,-86.624458,8.516444,β-3.131h,2.806e-26,331000000000000000
Ag113,112.906566579,-87.032672,8.516117,β-5.36h,2.36e-26,191000000000000000
Ag114,113.908803704,-84.948803,8.493936,β-4.6s,1e-22,800000000000000000000
Ag115,114.908762698,-84.987,8.490593,β-20min,3.8e-25,3100000000000000000
Ag116,115.911359933,-82.567691,8.466122,β-2.68min,2.84e-24,22400000000000000000
Ag117,116.911684562,-82.265301,8.460163,β-1.21min,4.34e-24,49000000000000000000
Ag118,117.914582768,-79.565639,8.43399,β-3.76s,1.21e-22,942000000000000000000
Ag119,118.915665059,-78.557492,8.42247,β-6.0s,7.6e-23,580000000000000000000
Ag120,119.918787384,-75.649064,8.395307,β-1.23s,3.71e-22,2840000000000000000000
Ag121,120.919848046,-74.661064,8.384464,β-790ms,5.78e-22,4370000000000000000000
Ag122,121.92353,-71.231,8.354,β-529.0ms,5.978e-22,6472000000000000000000
Ag123,122.9249,-69.955,8.341,β-300.0ms,1.054e-21,11320000000000000000000
Ag124,123.92864,-66.471,8.311,β-172ms,2.65e-21,19600000000000000000000
Ag125,124.93043,-64.804,8.296,β-166ms,2.75e-21,20199999999999997902848
Ag126,125.9345,-61.013,8.264,β-107ms,4.26e-21,31100000000000001048576
Ag127,126.93677,-58.898,8.247,β-79ms,5.8e-21,43000000000000002097152
Ag128,127.94117,-54.8,8.212,β-58ms,7.9e-21,56000000000000000000000
Ag129,128.94369,-52.452,8.193,β-46ms,6.9e-21,70000000000000004194304
Ag130,129.950448,-46.157,8.144,β-50ms,9.1e-21,64000000000000000000000
Cd95,94.94987,-46.696,8.168,β+5ms,9e-20,899999999999999958056960
Cd96,95.93977,-56.104,8.265,β+1s,5e-22,6000000000000000000000
Cd97,96.93494,-60.603,8.308,β+2.8s,1.6e-22,1600000000000000000000
Cd98,97.927395546,-67.630614,8.378235,β+9.2s,5e-23,470000000000000000000
Cd99,98.92501,-69.853,8.398,β+16s,2.9e-23,260000000000000000000
Cd100,99.920289525,-74.249829,8.438289,β+49.1s,9.29e-24,85100000000000000000
Cd101,100.918681538,-75.74766,8.449486,β+1.36min,5.59e-24,50600000000000000000
Cd102,101.914462258,-79.677893,8.48431,β+5.50min,1.4e-24,12300000000000000000
Cd103,102.913419246,-80.649453,8.489733,β+7.33min,1e-24,9290000000000000000
Cd104,103.909849475,-83.974674,8.517683,β+57.67min,1.32e-25,1161000000000000000
Cd105,104.909467905,-84.330103,8.516817,β+55.50min,1.37e-25,1200000000000000000
Cd106,105.90645941,-87.132499,8.539052,S,0,0
Cd107,106.906617928,-86.984841,8.5333,β+6.4h,1.9e-26,170000000000000000
Cd108,107.904183683,-89.252325,8.550018,S,0,0
Cd109,108.904982293,-88.508424,8.538801,e1.263y,1.144e-29,96150000000000
Cd110,109.90300207,-90.35299,8.55132,S,0,0
Cd111,110.904178107,-89.257519,8.537127,S,0,0
Cd112,111.902757809,-90.580518,8.54478,S,0,0
Cd113,112.904401662,-89.049279,8.52704,β-7.6e15y,1.9e-45,0.015
Cd114,113.90335854,-90.020941,8.531565,S,0,0
Cd115,114.905430969,-88.090485,8.510777,β-2.228d,2.371e-27,18870000000000000
Cd116,115.904755809,-88.719392,8.51241,β-3.1e19y,3.2e-49,3.7e-06
Cd117,116.907218618,-86.425301,8.489032,β-2.489h,5.09e-26,399000000000000000
Cd118,117.90691453,-86.708557,8.487893,β-50.33min,1.51e-25,1174000000000000000
Cd119,118.909921597,-83.907492,8.460854,β-2.68min,2.83e-24,21700000000000000000
Cd120,119.909850129,-83.974064,8.458162,β-50.8s,8.98e-24,68500000000000000000
Cd121,120.912977363,-81.061064,8.430891,β-13.5s,3.38e-23,255000000000000000000
Cd122,121.913332432,-80.73032,8.425233,β-5.24s,8.71e-23,653000000000000000000
Cd123,122.917002999,-77.311209,8.394558,β-2.1s,2.2e-22,1600000000000000000000
Cd124,123.917647616,-76.710752,8.387108,β-1.25s,3.65e-22,2700000000000000000000
Cd125,124.92124637,-73.358534,8.357764,β-650ms,7.02e-22,5140000000000000000000
Cd126,125.922353321,-72.327416,8.347307,β-515ms,8.86e-22,6440000000000000000000
Cd127,126.926443864,-68.5171,8.315132,β-370ms,1.23e-21,8889999999999999475712
Cd128,127.927762285,-67.288998,8.303632,β-280ms,1.63e-21,11699999999999998951424
Cd129,128.93215,-63.202,8.27,β-270ms,1.17e-21,12000000000000000000000
Cd130,129.933901937,-61.569949,8.256066,β-162ms,2.82e-21,19800000000000002097152
Cd131,130.94067,-55.266,8.207,β-69ms,6.7e-21,47000000000000002097152
Cd132,131.94555,-50.72,8.171,β-n98ms,4.7e-21,32999999999999997902848
In97,96.94954,-47.003,8.161,p5ms,9e-20,899999999999999958056960
In98,97.94214,-53.896,8.23,β+32ms,9.9e-21,129999999999999995805696
In99,98.93422,-61.274,8.303,β+3.0s,1.1e-22,1400000000000000000000
In100,99.931110851,-64.169829,8.329666,β+5.9s,7.7e-23,710000000000000000000
In101,100.92634,-68.614,8.371,β+15.1s,3.02e-23,274000000000000000000
In102,101.924090238,-70.709488,8.388714,β+23.3s,1.96e-23,176000000000000000000
In103,102.919914188,-74.599453,8.423399,β+1.1min,4.9e-24,62000000000000000000
In104,103.918296171,-76.106627,8.434506,β+1.80min,2.93e-24,37200000000000000000
In105,104.91467354,-79.481085,8.463185,β+5.07min,1.5e-24,13100000000000000000
In106,105.913465411,-80.606451,8.470105,β+6.17min,1.2e-24,10500000000000000000
In107,106.9102951,-83.559577,8.493977,β+32.33min,2.35e-25,2000000000000000000
In108,107.90969818,-84.115603,8.495212,β+58min,1.3e-25,1100000000000000000
In109,108.907150507,-86.488746,8.513095,β+4.2h,3e-26,250000000000000000
In110,109.907165274,-86.47499,8.508954,β+5.0h,1.8e-26,220000000000000000
In111,110.905103278,-88.395728,8.522315,e2.80475d,1.8827e-27,15530000000000000
In112,111.905532331,-87.996067,8.51472,β+14.97min,5.079e-25,4152000000000000000
In113,112.904057761,-89.36962,8.522951,S,0,0
In114,113.904913876,-88.572155,8.511994,β-1.20min,6.35e-24,50800000000000000000
In115,114.903878484,-89.536616,8.516549,β-4.40e14y,3.28e-44,0.261
In116,115.905259703,-88.250019,8.501619,β-14.1s,3.24e-23,256000000000000000000
In117,116.904513564,-88.945042,8.503882,β-43.17min,1.76e-25,1377000000000000000
In118,117.906354367,-87.230346,8.485685,β-5.0s,9.1e-23,710000000000000000000
In119,118.90584535,-87.704492,8.486187,β-2.3min,2.2e-24,24000000000000000000
In120,119.907959608,-85.735073,8.466318,β-3.08s,1.48e-22,1130000000000000000000
In121,120.907845822,-85.841064,8.463929,β-23.1s,1.98e-23,150000000000000000000
In122,121.91027601,-83.577359,8.442156,β-1.5s,3e-22,2200000000000000000000
In123,122.910438276,-83.426209,8.437912,β-6.17s,5.13e-23,550000000000000000000
In124,123.913175231,-80.876752,8.414396,β-3.12s,1.01e-22,1080000000000000000000
In125,124.913600588,-80.480534,8.408482,β-2.36s,1.93e-22,1420000000000000000000
In126,125.916463857,-77.813416,8.384638,β-1.53s,2.98e-22,2160000000000000000000
In127,126.917353091,-76.9851,8.375649,β-1.09s,4.19e-22,3020000000000000000000
In128,127.920172328,-74.358998,8.352755,β-840ms,5.43e-22,3890000000000000000000
In129,128.92169698,-72.938793,8.339564,β-611ms,7.47e-22,5300000000000000000000
In130,129.924970049,-69.889949,8.314048,β-290ms,1.57e-21,11100000000000001048576
In131,130.926851767,-68.137141,8.298814,β-280ms,1.63e-21,11400000000000000000000
In132,131.93299026,-62.419171,8.253773,β-207.0ms,1.528e-21,15280000000000000000000
In133,132.93781,-57.93,8.218,β-n165ms,2.77e-21,19000000000000002097152
In134,133.94415,-52.024,8.173,β-n140ms,3.26e-21,22300000000000001048576
In135,134.94933,-47.199,8.137,β-91ms,5e-21,34000000000000000000000
Sn99,98.94933,-47.199,8.152,β+5ms,9e-20,899999999999999958056960
Sn100,99.939044343,-56.779829,8.247942,β+1.0s,3.2e-22,4200000000000000000000
Sn101,100.93606,-59.56,8.274,β+1.7s,1.9e-22,2400000000000000000000
Sn102,101.930295324,-64.929488,8.324377,β+4.5s,7e-23,910000000000000000000
Sn103,102.9281,-66.974,8.341,β+7.0s,6.4e-23,590000000000000000000
Sn104,103.923143223,-71.591627,8.38357,β+20.8s,2.19e-23,190000000000000000000
Sn105,104.921349437,-73.262528,8.396509,β+34s,1.3e-23,120000000000000000000
Sn106,105.91688062,-77.425204,8.432712,β+1.92min,3.96e-24,34300000000000000000
Sn107,106.915644329,-78.576801,8.440097,β+2.90min,1.82e-24,22400000000000000000
Sn108,107.911925378,-82.040983,8.468758,β+10.3min,7.38e-25,6260000000000000000
Sn109,108.911283214,-82.639154,8.4706,β+18min,4.2e-25,3500000000000000000
Sn110,109.907842791,-85.843888,8.496104,e4.11h,3.08e-26,257000000000000000
Sn111,110.90773446,-85.944797,8.493186,β+35.33min,2.15e-25,1774000000000000000
Sn112,111.904818207,-88.661269,8.513674,S,0,0
Sn113,112.905170577,-88.333039,8.506854,β+115.09d,4.5882e-29,371800000000000
Sn114,113.902778869,-90.560901,8.522576,S,0,0
Sn115,114.903342397,-90.035978,8.514088,S,0,0
Sn116,115.90174053,-91.528107,8.523134,S,0,0
Sn117,116.902951656,-90.39995,8.50963,S,0,0
Sn118,117.901603167,-91.65606,8.516561,S,0,0
Sn119,118.90330763,-90.068363,8.499477,S,0,0
Sn120,119.902194676,-91.105073,8.504548,S,0,0
Sn121,120.90423548,-89.204076,8.485257,β-1.1263d,4.689e-27,35480000000000000
Sn122,121.903439046,-89.94595,8.487945,S,0,0
Sn123,122.905720838,-87.820474,8.467278,β-129.2d,4.087e-29,304000000000000
Sn124,123.905273946,-88.236752,8.467441,S,0,0
Sn125,124.907784125,-85.898534,8.445567,β-9.64d,5.48e-28,4000000000000000
Sn126,125.90765328,-86.020416,8.443564,β-230000y,6.29e-35,456000000
Sn127,126.910360024,-83.4991,8.42078,β-2.1h,6e-26,430000000000000000
Sn128,127.910536624,-83.334598,8.416765,β-59.07min,1.287e-25,920800000000000000
Sn129,128.913479,-80.593793,8.39284,β-2.23min,3.41e-24,24200000000000000000
Sn130,129.913967295,-80.138949,8.386868,β-3.72min,2.04e-24,14400000000000000000
Sn131,130.916999769,-77.314218,8.362896,β-56s,8.1e-24,57000000000000000000
Sn132,131.917815713,-76.554171,8.35493,β-39.7s,1.15e-23,79700000000000000000
Sn133,132.923829249,-70.952598,8.31068,β-1.45s,3.15e-22,2170000000000000000000
Sn134,133.928291765,-66.795791,8.277873,β-1.050s,3.012e-22,2968000000000000000000
Sn135,134.93473,-60.799,8.233,β-530ms,8.61e-22,5830000000000000524288
Sn136,135.93934,-56.504,8.199,β-250ms,1.82e-21,12300000000000001048576
Sn137,136.94599,-50.31,8.152,β-n190ms,2.4e-21,16000000000000000000000
Sb103,102.93969,-56.178,8.229,β+1.5µs,2.1e-16,2699999999999999733510701056
Sb104,103.936472,-59.176,8.257,p440ms,7.19e-22,9129999999999999475712
Sb105,104.931486348,-63.820056,8.29913,p1.22s,2.59e-22,3260000000000000000000
Sb106,105.928791,-66.33,8.321,β+600ms,7.6e-22,6560000000000000000000
Sb107,106.92415,-70.654,8.36,β+4.0s,8e-23,980000000000000000000
Sb108,107.92216,-72.507,8.374,β+7.4s,6.2e-23,510000000000000000000
Sb109,108.918132426,-76.259154,8.40489,β+17s,2.7e-23,220000000000000000000
Sb110,109.916753,-77.544,8.415,β+23s,2e-23,170000000000000000000
Sb111,110.913163,-80.888145,8.440583,β+1.3min,6.1e-24,49400000000000000000
Sb112,111.912398009,-81.600729,8.443648,β+51.4s,8.88e-24,72500000000000000000
Sb113,112.909371672,-84.419744,8.4653,β+6.7min,1.14e-24,9240000000000000000
Sb114,113.909269,-84.515383,8.462683,β+3.48min,2.18e-24,17500000000000000000
Sb115,114.906598,-87.003403,8.480915,β+32.17min,2.37e-25,1885000000000000000
Sb116,115.906793629,-86.821176,8.475813,β+15.8min,4.81e-25,3792000000000000000
Sb117,116.904835941,-88.64475,8.487942,β+2.8h,4.5e-26,340000000000000000
Sb118,117.905528731,-87.99942,8.478942,β+3.7min,1.5e-24,16000000000000000000
Sb119,118.903942009,-89.477443,8.487937,e1.591d,3.318e-27,25540000000000000
Sb120,119.905072427,-88.424465,8.47569,β+15.89min,4.785e-25,3653000000000000000
Sb121,120.903815686,-89.595111,8.482023,S,0,0
Sb122,121.905173651,-88.330175,8.468288,β-2.72384d,1.9387e-27,14550000000000000
Sb123,122.90421397,-89.224113,8.472329,S,0,0
Sb124,123.905935743,-87.620291,8.456161,β-60d,8.77e-29,650000000000000
Sb125,124.905253818,-88.255501,8.458164,β-2.7568y,3.6348e-30,38415000000000
Sb126,125.90724748,-86.398416,8.440355,β-12.35d,4.276e-28,3108000000000000
Sb127,126.906923609,-86.7001,8.439824,β-3.85d,1.37e-27,9900000000000000
Sb128,127.909169001,-84.608531,8.420605,β-9.00h,1.41e-26,101000000000000000
Sb129,128.909148442,-84.627681,8.418046,β-4.4h,2.9e-26,200000000000000000
Sb130,129.911656324,-82.291605,8.397409,β-39.50min,1.93e-25,1355000000000000000
Sb131,130.911982275,-81.987983,8.392602,β-23.03min,3.302e-25,2307000000000000000
Sb132,131.914466896,-79.673573,8.372634,β-2.78min,2.73e-24,18900000000000000000
Sb133,132.91525163,-78.942598,8.364873,β-2.50min,3e-24,20600000000000000000
Sb134,133.920379744,-74.165791,8.327034,β-779ms,5.86e-22,3980000000000000000000
Sb135,134.925165771,-69.707636,8.292117,β-1.68s,2.72e-22,1840000000000000000000
Sb136,135.93035,-64.879,8.255,β-923ms,4.94e-22,3330000000000000000000
Sb137,136.93531,-60.258,8.22,β-450ms,1.01e-21,6780000000000000000000
Sb138,137.94079,-55.154,8.182,β-300ns,1.05e-15,10100000000000000876374654976
Sb139,138.94598,-50.319,8.146,β-150ns,2.11e-15,19999999999999999166239473664
Te105,104.94364,-52.499,8.184,α620ns,5.1e-16,6419999999999999683984359424
Te106,105.937504237,-58.214429,8.236717,α70µs,6.5e-18,56999999999999996359344128
Te107,106.935006,-60.541,8.257,α3.1ms,1.5e-19,1299999999999999924502528
Te108,107.929444597,-65.721935,8.303168,α2.1s,2.2e-22,1900000000000000000000
Te109,108.927415515,-67.612012,8.318381,β+4.6s,1e-22,840000000000000000000
Te110,109.922407316,-72.27712,8.358545,β+18.6s,2.45e-23,204000000000000000000
Te111,110.921110692,-73.484917,8.366839,β+19.3s,2.36e-23,195000000000000000000
Te112,111.917013672,-77.301267,8.398275,β+2.00min,3.8e-24,31700000000000000000
Te113,112.915891,-78.34703,8.404636,β+1.7min,3.1e-24,36000000000000000000
Te114,113.912089,-81.88857,8.432778,β+15.2min,5e-25,4005000000000000000
Te115,114.911902,-82.062759,8.43115,β+5.83min,1.3e-24,10000000000000000000
Te116,115.90846,-85.268962,8.455687,β+2.489h,5.09e-26,403000000000000000
Te117,116.908644719,-85.096897,8.450931,β+1.0h,1.2e-25,950000000000000000
Te118,117.905827581,-87.721044,8.469953,e6.0d,8.8e-28,6800000000000000
Te119,118.906403645,-87.184443,8.462094,β+16.050h,7.896e-27,60756000000000000
Te120,119.904020222,-89.404587,8.477338,S,0,0
Te121,120.904936424,-88.551151,8.46693,β+19.16d,2.756e-28,2086000000000000
Te122,121.903043898,-90.314028,8.478137,S,0,0
Te123,122.904270029,-89.171894,8.465544,e9.2e16y,1.1e-46,0.0012
Te124,123.902817896,-90.524548,8.473273,S,0,0
Te125,124.904430731,-89.022201,8.458039,S,0,0
Te126,125.903311696,-90.064575,8.463242,S,0,0
Te127,126.905226336,-88.2811,8.446113,β-9.36h,1.36e-26,97600000000000000
Te128,127.904463056,-88.992091,8.44874,β-8.9e18y,1.1e-48,1.2e-05
Te129,128.906598238,-87.003181,8.430396,β-1.161h,1.09e-25,776000000000000000
Te130,129.906224399,-87.35141,8.430312,β-6e23y,2e-53,2e-10
Te131,130.908523864,-85.209473,8.411221,β-25min,3e-25,2100000000000000000
Te132,131.90855316,-85.182183,8.40844,β-3.204d,1.648e-27,11430000000000000
Te133,132.910955306,-82.944598,8.389081,β-12.5min,6.08e-25,4195000000000000000
Te134,133.911368737,-82.55949,8.383836,β-41.83min,1.82e-25,1242000000000000000
Te135,134.916448592,-77.827636,8.34647,β-19s,2.4e-23,170000000000000000000
Te136,135.920101246,-74.42521,8.319429,β-17.63s,2.588e-23,174200000000000000000
Te137,136.925322954,-69.561221,8.282114,β-2.49s,1.83e-22,1230000000000000000000
Te138,137.92922,-65.931,8.254,β-1.4s,3.3e-22,2200000000000000000000
Te139,138.93473,-60.799,8.216,β-150ns,2.11e-15,19999999999999999166239473664
Te140,139.93885,-56.961,8.188,β-300ms,1.52e-21,9939999999999998951424
Te141,140.94465,-51.558,8.148,β-150ns,2.11e-15,19699999999999999684521230336
Te142,141.94908,-47.432,8.119,β-150ns,2.11e-15,19600000000000000590289567744
I108,107.943475,-52.652,8.175,α36ms,1.3e-20,110000000000000004194304
I109,108.938149417,-57.613447,8.219474,p103µs,4.43e-18,37099999999999999001755648
I110,109.935242,-60.321,8.243,β+650ms,7.02e-22,5840000000000000000000
I111,110.930276,-64.947,8.284,β+2.5s,1.8e-22,1500000000000000000000
I112,111.92797,-67.096,8.3,β+3.42s,1.33e-22,1090000000000000000000
I113,112.923640583,-71.128339,8.33383,β+6.6s,7e-23,560000000000000000000
I114,113.92185,-72.796,8.346,β+2.1s,2.2e-22,1800000000000000000000
I115,114.918048,-76.337797,8.374564,β+1.3min,5.8e-24,47600000000000000000
I116,115.916808633,-77.49226,8.381902,β+2.91s,1.57e-22,1240000000000000000000
I117,116.91365,-80.434508,8.404395,β+2.22min,3.43e-24,26800000000000000000
I118,117.913074,-80.971048,8.406119,β+13.7min,5.55e-25,4292000000000000000
I119,118.910074,-83.76553,8.426789,β+19.2min,2.76e-25,3060000000000000000
I120,119.910048173,-83.789587,8.424027,β+1.3h,9.32e-26,711400000000000000
I121,120.907366811,-86.28726,8.441754,β+2.119h,5.98e-26,450000000000000000
I122,121.907589284,-86.080028,8.437019,β+3.63min,2.09e-24,15700000000000000000
I123,122.905588965,-87.943313,8.449195,β+13.2235h,9.5839e-27,71344000000000000
I124,123.906209852,-87.364961,8.441483,β+4.176d,1.264e-27,9338000000000000
I125,124.904630164,-88.836431,8.450294,e59.4d,8.89e-29,650000000000000
I126,125.905624153,-87.910536,8.439937,β+12.93d,4.084e-28,2967000000000000
I127,126.904472681,-88.983125,8.445481,S,0,0
I128,127.905809443,-87.737939,8.432829,β-24.98min,3.043e-25,2177000000000000000
I129,128.904987722,-88.503367,8.43596,β-1.57e7y,9.21e-37,6530000
I130,129.906674247,-86.932379,8.421071,β-12.4h,1.025e-26,72219000000000000
I131,130.906124609,-87.444363,8.422309,β-8.0252d,4.5605e-28,4598800000000000
I132,131.907997381,-85.699888,8.406435,β-2.295h,5.522e-26,383000000000000000
I133,132.907796939,-85.886598,8.405319,β-20.8h,6.09e-27,42000000000000000
I134,133.909744465,-84.07249,8.389288,β-52.50min,1.45e-25,990600000000000000
I135,134.910048121,-83.789636,8.384838,β-6.58h,1.93e-26,131000000000000000
I136,135.914653993,-79.499294,8.350986,β-1.39min,5.47e-24,36900000000000000000
I137,136.91787084,-76.50282,8.327072,β-24.5s,1.29e-23,124000000000000000000
I138,137.922349591,-72.33089,8.294988,β-6.23s,7.32e-23,486000000000000000000
I139,138.926099478,-68.837893,8.268249,β-2.280s,1.387e-22,1318000000000000000000
I140,139.931,-64.273,8.235,β-860ms,5.31e-22,3470000000000000000000
I141,140.93503,-60.519,8.205,β-430ms,1.06e-21,6889999999999999475712
I142,141.94018,-55.722,8.171,β-200ms,2.28e-21,14700000000000001048576
I143,142.94456,-51.642,8.142,β-150ns,2.11e-15,19499999999999999297034649600
I144,143.94999,-46.584,8.107,β-300ns,1.05e-15,9669999999999999933327343616
Xe110,109.944278068,-51.904646,8.159116,α94ms,3.4e-21,40999999999999997902848
Xe111,110.941602,-54.397,8.182,β+740ms,6.17e-22,5070000000000000524288
Xe112,111.935623112,-59.966685,8.229531,β+2.7s,1.7e-22,1400000000000000000000
Xe113,112.933341174,-62.092297,8.246942,β+2.74s,1.67e-22,1350000000000000000000
Xe114,113.927980306,-67.085913,8.289205,β+10s,4.6e-23,380000000000000000000
Xe115,114.92629392,-68.656771,8.30097,β+18s,2.5e-23,200000000000000000000
Xe116,115.921581087,-73.046747,8.336835,β+59s,7.6e-24,61000000000000000000
Xe117,116.920358735,-74.185361,8.344297,β+1.0min,7.5e-24,59000000000000000000
Xe118,117.916178655,-78.079081,8.374981,β+3.83min,2e-24,15500000000000000000
Xe119,118.915410688,-78.794437,8.378441,???5.83min,1.3e-24,10000000000000000000
Xe120,119.911784244,-82.172448,8.404032,β+40min,1.9e-25,1400000000000000000
Xe121,120.911461829,-82.472775,8.403764,β+40.17min,1.9e-25,1435000000000000000
Xe122,121.908367632,-85.355002,8.424664,e20.1h,6.31e-27,47500000000000000
Xe123,122.90848191,-85.248552,8.420926,β+2.081h,6.09e-26,454000000000000000
Xe124,123.905893003,-87.660103,8.437554,β+1.6e14y,6.3e-44,0.67
Xe125,124.906395464,-87.192064,8.43088,β+16.9h,7.5e-27,54900000000000000
Xe126,125.904273634,-89.168536,8.443712,S,0,0
Xe127,126.905183723,-88.320793,8.434105,e36.345d,1.4529e-28,1047500000000000
Xe128,127.903531275,-89.860039,8.443296,S,0,0
Xe129,128.904779435,-88.697386,8.4314,S,0,0
Xe130,129.903508007,-89.881713,8.43774,S,0,0
Xe131,130.905082362,-88.415211,8.423748,S,0,0
Xe132,131.904153457,-89.28048,8.427633,S,0,0
Xe133,132.905910722,-87.643598,8.412647,β-5.243d,6.981e-28,6933000000000000
Xe134,133.905394464,-88.12449,8.413689,β-5.7e22y,1.7e-52,1.7e-09
Xe135,134.907227495,-86.417033,8.398505,β-9.14h,1.39e-26,94000000000000000
Xe136,135.907218794,-86.425137,8.396158,β-2.4e21y,4.2e-51,4.1e-08
Xe137,136.911562125,-82.37935,8.364256,β-3.818min,1.992e-24,13310000000000000000
Xe138,137.913954475,-80.15089,8.345985,β-14.08min,5.401e-25,3582000000000000000
Xe139,138.918792936,-75.643893,8.311585,β-39.68s,1.15e-23,75720000000000000000
Xe140,139.921640943,-72.990992,8.290919,β-13.6s,3.35e-23,220000000000000000000
Xe141,140.926648049,-68.326902,8.256283,β-1.73s,2.64e-22,1710000000000000000000
Xe142,141.92970959,-65.475096,8.234897,β-1.250s,2.53e-22,2353000000000000000000
Xe143,142.93511,-60.445,8.199,β-511ms,8.93e-22,5720000000000000000000
Xe144,143.93851,-57.278,8.175,β-388ms,1.18e-21,7470000000000000524288
Xe145,144.94407,-52.098,8.138,β-188ms,2.43e-21,15299999999999998951424
Xe146,145.94775,-48.671,8.115,β-146ms,3.12e-21,19600000000000000000000
Xe147,146.95356,-43.259,8.078,β-100ms,3.16e-21,28400000000000000000000
Cs112,111.950301,-46.294,8.1,p500µs,9.12e-19,7460000000000000293601280
Cs113,112.944493274,-51.704182,8.148088,p16.7µs,2.73e-17,220999999999999982870462464
Cs114,113.94145,-54.539,8.171,β+570ms,8e-22,6430000000000000524288
Cs115,114.93591,-59.699,8.216,β+1.4s,3.3e-22,2600000000000000000000
Cs116,115.933367,-62.068,8.235,β+700ms,6.52e-22,5140000000000000000000
Cs117,116.928670701,-66.442814,8.271435,β+8.4s,5.5e-23,430000000000000000000
Cs118,117.926559494,-68.409391,8.286405,β+14s,3.3e-23,260000000000000000000
Cs119,118.922377304,-72.305075,8.317334,β+43s,1.1e-23,82000000000000000000
Cs120,119.920677253,-73.888663,8.32848,β+1.02min,7.45e-24,56900000000000000000
Cs121,120.917229209,-77.100495,8.352899,β+2.58min,2.94e-24,22200000000000000000
Cs122,121.916113434,-78.139833,8.35911,β+21.18s,2.154e-23,161600000000000000000
Cs123,122.912996036,-81.043671,8.380379,β+5.87min,1.3e-24,9640000000000000000
Cs124,123.912257798,-81.731335,8.383432,β+30.9s,1.48e-23,109000000000000000000
Cs125,124.90972827,-84.087575,8.399785,β+46.7min,1.13e-25,1190000000000000000
Cs126,125.909451977,-84.34494,8.399221,β+1.64min,4.64e-24,33700000000000000000
Cs127,126.907417525,-86.24002,8.411561,β+6.25h,2.03e-26,146000000000000000
Cs128,127.907748866,-85.931378,8.406491,β+3.67min,1.44e-24,14900000000000000000
Cs129,128.906064426,-87.500424,8.416056,β+1.336d,3.953e-27,28060000000000000
Cs130,129.906708552,-86.900424,8.408789,β+29.22min,2.603e-25,1834000000000000000
Cs131,130.905463926,-88.059787,8.415063,e9.689d,5.45e-28,3808000000000000
Cs132,131.90643426,-87.155926,8.405612,β+6.479d,8.15e-28,5653000000000000
Cs133,132.905451932,-88.070958,8.409978,S,0,0
Cs134,133.906718475,-86.891181,8.398646,β-2.0638y,4.8553e-30,47864000000000
Cs135,134.905977008,-87.581853,8.401338,β-2.3e6y,6.3e-36,45000000
Cs136,135.907311576,-86.338711,8.38977,β-13.04d,2.807e-28,2726000000000000
Cs137,136.907089473,-86.545599,8.388956,β-30.06y,3.333e-31,3214000000000
Cs138,137.911016704,-82.887407,8.360146,β-33.42min,2.276e-25,1510000000000000000
Cs139,138.913363999,-80.700915,8.342338,β-9.27min,8.2e-25,5410000000000000000
Cs140,139.917282354,-77.050992,8.314331,β-1.06min,7.16e-24,46800000000000000000
Cs141,140.920045752,-74.476902,8.294351,β-24.84s,1.837e-23,119200000000000000000
Cs142,141.924298927,-70.515096,8.264881,β-1.684s,1.878e-22,1747000000000000000000
Cs143,142.92735175,-67.67141,8.243641,β-1.791s,2.547e-22,1631000000000000000000
Cs144,143.932076914,-63.269947,8.211879,β-995ms,4.59e-22,2930000000000000000000
Cs145,144.93552617,-60.056986,8.188751,β-587.0ms,5.387e-22,4905999999999999475712
Cs146,145.940289423,-55.620044,8.157557,β-321.0ms,9.851e-22,8910000000000000524288
Cs147,146.944155008,-52.019275,8.132475,β-235.0ms,1.346e-21,12089999999999999475712
Cs148,147.949218153,-47.302986,8.100195,β-146ms,3.12e-21,19299999999999998951424
Cs149,148.95293,-43.845,8.077,β-50ms,6.3e-21,56000000000000000000000
Cs150,149.95817,-38.964,8.044,β-50ms,6.3e-21,56000000000000000000000
Cs151,150.96219,-35.22,8.02,β-50ms,6.3e-21,55000000000000002097152
Ba114,113.950675405,-45.945564,8.090038,β+430ms,7.35e-22,8520000000000000000000
Ba115,114.94737,-49.025,8.117,β+450ms,1.01e-21,8070000000000000524288
Ba116,115.94138,-54.604,8.164,β+1.3s,3.5e-22,2700000000000000000000
Ba117,116.938499,-57.288,8.186,β+1.75s,2.61e-22,2040000000000000000000
Ba118,117.93304,-62.373,8.229,β+5.5s,5.7e-23,640000000000000000000
Ba119,118.930659661,-64.59011,8.245928,β+5.3s,8.4e-23,650000000000000000000
Ba120,119.926044974,-68.888663,8.280294,β+24s,1.9e-23,140000000000000000000
Ba121,120.924054499,-70.742779,8.29389,β+29.7s,1.54e-23,116000000000000000000
Ba122,121.919904,-74.608944,8.323756,β+1.95min,3.9e-24,29200000000000000000
Ba123,122.918781036,-75.654978,8.330208,β+2.67min,2.8e-24,21300000000000000000
Ba124,123.915093603,-79.0898,8.35582,β+11.0min,6.9e-25,5120000000000000000
Ba125,124.914472912,-79.66797,8.35817,β+3.50min,2.2e-24,16000000000000000000
Ba126,125.911250177,-82.669928,8.379718,β+1.7h,7.6e-26,552300000000000000
Ba127,126.911093797,-82.815595,8.378437,β+12.7min,5.99e-25,4300000000000000000
Ba128,127.908317698,-85.401514,8.39624,e2.4d,2.17e-27,15500000000000000
Ba129,128.908679439,-85.064555,8.391109,β+2.231h,5.68e-26,403000000000000000
Ba130,129.906320811,-87.261603,8.405549,S,0,0
Ba131,130.906941118,-86.68379,8.398587,β+11.5d,4.59e-28,3220000000000000
Ba132,131.905061288,-88.434841,8.409373,β+3.0e21y,3.3e-51,3.3e-08
Ba133,132.90600749,-87.553459,8.400205,e10.52y,9.528e-31,9464000000000
Ba134,133.904508383,-88.949868,8.408171,S,0,0
Ba135,134.905688591,-87.850512,8.397533,S,0,0
Ba136,135.904575945,-88.886935,8.402755,S,0,0
Ba137,136.905827384,-87.721227,8.391827,S,0,0
Ba138,137.905247237,-88.261631,8.39342,S,0,0
Ba139,138.908841341,-84.913745,8.367017,β-1.384h,6.345e-26,603000000000000000
Ba140,139.910604505,-83.271368,8.353174,β-12.752d,4.1409e-28,2707900000000000
Ba141,140.914411009,-79.725632,8.326028,β-18.27min,4.162e-25,2703000000000000000
Ba142,141.91645341,-77.823147,8.310836,β-10.6min,7.17e-25,4620000000000000000
Ba143,142.920626719,-73.935736,8.281977,β-14.5s,3.15e-23,202000000000000000000
Ba144,143.922952853,-71.768956,8.265467,β-11.5s,3.97e-23,252000000000000000000
Ba145,144.927627032,-67.414986,8.2341,β-4.31s,1.06e-22,668000000000000000000
Ba146,145.930219572,-65.00005,8.216445,β-2.22s,2.06e-22,1290000000000000000000
Ba147,146.934945,-60.598,8.186,β-893ms,5.11e-22,3180000000000000000000
Ba148,147.937720047,-58.013403,8.167277,β-611ms,7.45e-22,4610000000000000000000
Ba149,148.94258,-53.486,8.137,β-344ms,1.33e-21,8150000000000000524288
Ba150,149.94568,-50.599,8.117,β-300ms,1.52e-21,9280000000000000000000
Ba151,150.95081,-45.82,8.085,β-300ns,1.05e-15,9219999999999999611238350848
Ba152,151.95427,-42.597,8.063,β-100ms,4.56e-21,27500000000000001048576
Ba153,152.95961,-37.623,8.031,β-80ms,5.7e-21,32999999999999997902848
La117,116.950068,-46.512,8.088,p23.5ms,1.94e-20,152000000000000016777216
La118,117.94673,-49.621,8.114,β+1s,3e-22,4000000000000000000000
La119,118.94099,-54.967,8.158,β+2s,2e-22,2000000000000000000000
La120,119.93807,-57.687,8.18,β+2.8s,1.6e-22,1300000000000000000000
La121,120.93301,-62.401,8.218,β+5.3s,8.5e-23,660000000000000000000
La122,121.93071,-64.543,8.235,β+8.7s,5.2e-23,380000000000000000000
La123,122.92624,-68.707,8.267,β+17s,2.7e-23,200000000000000000000
La124,123.924574275,-70.25861,8.278292,β+29.21s,1.562e-23,115300000000000000000
La125,124.920816034,-73.759389,8.304642,β+1.08min,7.04e-24,51600000000000000000
La126,125.919512667,-74.973468,8.312426,β+54s,8.4e-24,61000000000000000000
La127,126.916375448,-77.895769,8.333538,β+5.17min,1.5e-24,10800000000000000000
La128,127.915585177,-78.631901,8.33724,β+5.18min,1.47e-24,10500000000000000000
La129,128.912692815,-81.32612,8.356064,β+11.6min,6.56e-25,4700000000000000000
La130,129.912368724,-81.628008,8.356196,β+8.67min,8.7e-25,6180000000000000000
La131,130.91007,-83.769256,8.370367,β+58min,1.3e-25,900000000000000000
La132,131.910101145,-83.740245,8.367881,β+4.7h,2.6e-26,180000000000000000
La133,132.908218,-85.494383,8.378841,β+3.9111h,3.24e-26,222980000000000000
La134,133.908514011,-85.21865,8.374488,β+6.45min,1.18e-24,8060000000000000000
La135,134.906976844,-86.650512,8.382849,β+19.5h,6.5e-27,44200000000000000
La136,135.907635536,-86.036945,8.376046,β+9.87min,7.7e-25,5190000000000000000
La137,136.906493598,-87.100653,8.381586,e60000y,2.4e-34,1600000000
La138,137.90711193,-86.524681,8.375164,β+1.02e11y,1.42e-40,941
La139,138.906353267,-87.231371,8.378063,S,0,0
La140,139.909477645,-84.321031,8.355083,β-1.67855d,2.1804e-27,20572000000000000
La141,140.910962152,-82.938221,8.343264,β-3.92h,3.23e-26,209000000000000000
La142,141.91407913,-80.034775,8.320902,β-1.519h,8.35e-26,537800000000000000
La143,142.91606272,-78.187073,8.306235,β-14.2min,5.35e-25,3426000000000000000
La144,143.919599647,-74.892447,8.281725,β-40.8s,1.12e-23,71000000000000000000
La145,144.921645401,-72.986839,8.267131,β-24.8s,1.84e-23,116000000000000000000
La146,145.92579346,-69.122947,8.239325,β-6.26s,7.28e-23,456000000000000000000
La147,146.928235284,-66.848403,8.222709,β-4.015s,1.136e-22,707600000000000000000
La148,147.932228868,-63.128403,8.196551,β-1.26s,3.62e-22,2240000000000000000000
La149,148.934734,-60.795,8.18,β-1.05s,4.35e-22,2680000000000000000000
La150,149.93877,-57.035,8.154,β-510ms,8.93e-22,5460000000000000000000
La151,150.94172,-54.287,8.137,β-300ns,1.05e-15,9219999999999999611238350848
La152,151.94625,-50.068,8.107,β-150ns,2.11e-15,18299999999999999171138420736
La153,152.94962,-46.929,8.088,β-100ns,3.16e-15,27299999999999999015848509440
La154,153.9545,-42.383,8.057,β-100ms,4.56e-21,27200000000000000000000
La155,154.95835,-38.797,8.034,β-60ms,7.6e-21,44999999999999997902848
Ce119,118.95276,-44.004,8.06,β+200ms,2.28e-21,17500000000000001048576
Ce120,119.94664,-49.705,8.107,β+250ms,1.82e-21,13900000000000001048576
Ce121,120.94342,-52.704,8.133,β+1.1s,4.1e-22,3100000000000000000000
Ce122,121.93791,-57.836,8.173,β+2s,2e-22,2000000000000000000000
Ce123,122.9354,-60.175,8.192,β+3.8s,1.2e-22,890000000000000000000
Ce124,123.93041,-64.823,8.229,β+6s,5e-23,600000000000000000000
Ce125,124.92844,-66.658,8.243,β+10.2s,3.1e-23,328000000000000000000
Ce126,125.923971,-70.820558,8.273257,β+51s,8.9e-24,65000000000000000000
Ce127,126.922731,-71.975611,8.280762,β+31s,1e-23,110000000000000000000
Ce128,127.918911,-75.533918,8.306925,β+3.93min,1.93e-24,13800000000000000000
Ce129,128.918102,-76.287496,8.31094,β+3.50min,2.2e-24,16000000000000000000
Ce130,129.914736,-79.422905,8.333216,β+22.8min,2.3e-25,2340000000000000000
Ce131,130.914422,-79.715394,8.333449,β+10.3min,5.12e-25,5160000000000000000
Ce132,131.911460487,-82.474025,8.352362,β+3.50h,2.5e-26,250000000000000000
Ce133,132.91151502,-82.423228,8.349867,β+1.6h,7.8e-26,540000000000000000
Ce134,133.908924821,-84.835983,8.365794,e3.16d,1.67e-27,11400000000000000
Ce135,134.909151396,-84.62493,8.362049,β+17.7h,7.16e-27,48600000000000000
Ce136,135.907172422,-86.468332,8.373466,β+7.0e13y,1.4e-43,1.4
Ce137,136.907805577,-85.878553,8.366955,β+8.9h,1.4e-26,94000000000000000
Ce138,137.905991321,-87.568521,8.377059,β+8.9e13y,1.1e-43,1.1
Ce139,138.906652651,-86.952496,8.370428,e137.641d,3.8365e-29,252690000000000
Ce140,139.905438706,-88.083278,8.376368,S,0,0
Ce141,140.90827627,-85.440105,8.355459,β-32.508d,1.6244e-28,1054700000000000
Ce142,141.909244205,-84.538479,8.347108,α6e16y,2e-46,0.002
Ce143,142.91238591,-81.611999,8.324715,β-1.37662d,3.8359e-27,24558000000000000
Ce144,143.913647336,-80.436989,8.314795,β-284.91d,1.8534e-29,117830000000000
Ce145,144.917233135,-77.096839,8.290081,β-3.02min,2.53e-24,15900000000000000000
Ce146,145.918759009,-75.675496,8.278847,β-13.52min,5.624e-25,3527000000000000000
Ce147,146.922673954,-72.028748,8.252628,β-56.4s,8.09e-24,50400000000000000000
Ce148,147.92443241,-70.390756,8.240335,β-56s,8.1e-24,50000000000000000000
Ce149,148.928399883,-66.69508,8.214397,β-5.3s,8.5e-23,530000000000000000000
Ce150,149.930408931,-64.823663,8.200968,β-4.0s,1.1e-22,690000000000000000000
Ce151,150.933976196,-61.500777,8.178103,β-1.76s,1.8e-22,1570000000000000000000
Ce152,151.93654,-59.113,8.163,β-1.4s,2.3e-22,2000000000000000000000
Ce153,152.94058,-55.349,8.137,β-100ns,3.16e-15,27299999999999999015848509440
Ce154,153.94342,-52.704,8.119,β-150ns,2.11e-15,18100000000000000982675095552
Ce155,154.94804,-48.4,8.091,β-300ns,1.05e-15,8980000000000000465668407296
Ce156,155.95126,-45.401,8.071,β-150ms,3.04e-21,17900000000000001048576
Ce157,156.95634,-40.669,8.041,β-50ms,9.1e-21,52999999999999997902848
Pr121,120.955364,-41.579,8.034,p1.4s,2.3e-22,2500000000000000000000
Pr122,121.95181,-44.889,8.06,β+500ms,9.12e-22,6849999999999999475712
Pr123,122.94596,-50.338,8.105,β+800ms,5.7e-22,4260000000000000000000
Pr124,123.94296,-53.132,8.128,β+1.2s,3.8e-22,2900000000000000000000
Pr125,124.93783,-57.911,8.164,β+3.3s,1.4e-22,1000000000000000000000
Pr126,125.93531,-60.258,8.184,β+3.14s,1.01e-22,1060000000000000000000
Pr127,126.93083,-64.431,8.214,β+4.2s,1.1e-22,780000000000000000000
Pr128,127.928791,-66.330757,8.228913,β+2.84s,1.61e-22,1150000000000000000000
Pr129,128.925095,-69.773559,8.25438,β+32s,9.9e-24,100000000000000000000
Pr130,129.92359,-71.175457,8.263756,β+40s,1.1e-23,80000000000000000000
Pr131,130.920259,-74.278264,8.285972,β+1.5min,5.1e-24,35400000000000000000
Pr132,131.919255,-75.213484,8.291431,β+1.6min,3.3e-24,33000000000000000000
Pr133,132.916330532,-77.937607,8.310258,β+6.50min,1.2e-24,8090000000000000000
Pr134,133.915711737,-78.514011,8.312777,β+11.0min,6.9e-25,4730000000000000000
Pr135,134.913111745,-80.935888,8.328928,β+23min,2.2e-25,2100000000000000000
Pr136,135.912691611,-81.327241,8.329911,β+13.1min,5.8e-25,3921000000000000000
Pr137,136.910705455,-83.177333,8.341528,β+1.281h,9.9e-26,661400000000000000
Pr138,137.910754636,-83.131521,8.339238,β+1.45min,5.24e-24,34700000000000000000
Pr139,138.908938399,-84.823335,8.349482,β+4.42h,2.87e-26,189000000000000000
Pr140,139.909075874,-84.695278,8.34658,β+3.38min,2.24e-24,14700000000000000000
Pr141,140.907652769,-86.020892,8.354029,S,0,0
Pr142,141.910044806,-83.792724,8.336347,β-19.119h,6.628e-27,42700000000000000
Pr143,142.910816926,-83.073499,8.329464,β-13.56d,2.697e-28,2491000000000000
Pr144,143.913305245,-80.755645,8.311575,β-17.28min,4.4e-25,2797000000000000000
Pr145,144.9145117,-79.631839,8.302168,β-5.9833h,2.118e-26,133710000000000000
Pr146,145.917644336,-76.713808,8.2806,β-24.15min,3.149e-25,1975000000000000000
Pr147,146.918995992,-75.454748,8.270612,β-13.4min,5.67e-25,3534000000000000000
Pr148,147.922135026,-72.530756,8.249508,β-2.28min,2.3e-24,20500000000000000000
Pr149,148.923717651,-71.05655,8.238418,β-2.27min,2.33e-24,20700000000000000000
Pr150,149.926672997,-68.303663,8.218952,β-6.19s,7.37e-23,450000000000000000000
Pr151,150.928318618,-66.770777,8.207823,β-18.9s,2.41e-23,146000000000000000000
Pr152,151.931499225,-63.808061,8.187433,β-3.63s,1.26e-22,756000000000000000000
Pr153,152.933838905,-61.628663,8.17243,β-4.28s,1.07e-22,638000000000000000000
Pr154,153.937518153,-58.201466,8.149519,β-2.3s,2e-22,1200000000000000000000
Pr155,154.94012,-55.778,8.133,β-300ns,1.05e-15,8980000000000000465668407296
Pr156,155.94427,-51.912,8.107,β-300ns,1.05e-15,8920000000000000129520107520
Pr157,156.94743,-48.969,8.089,β-300ms,1.52e-21,8860000000000000000000
Pr158,157.95198,-44.73,8.063,β-200ms,2.28e-21,13200000000000000000000
Pr159,158.9555,-41.451,8.042,β-100ms,4.56e-21,26300000000000001048576
Nd124,123.95223,-44.497,8.052,β+500ms,9.12e-22,6740000000000000000000
Nd125,124.94888,-47.618,8.077,β+600ms,7.6e-22,5569999999999999475712
Nd126,125.94322,-52.89,8.119,β+200ns,1.58e-15,16599999999999999176037367808
Nd127,126.9405,-55.424,8.138,β+1.8s,2.5e-22,1800000000000000000000
Nd128,127.93539,-60.184,8.175,β+5s,9e-23,700000000000000000000
Nd129,128.933188,-62.235,8.19,β+4.9s,9.3e-23,660000000000000000000
Nd130,129.928506,-66.596233,8.222513,β+21s,2.2e-23,150000000000000000000
Nd131,130.927247,-67.768984,8.230311,β+25.4s,1.24e-23,126000000000000000000
Nd132,131.923321237,-71.425808,8.25681,β+1.56min,4.87e-24,33800000000000000000
Nd133,132.922348,-72.332373,8.262231,β+1.2min,6.5e-24,45000000000000000000
Nd134,133.918790181,-75.646459,8.285538,β+8.50min,8.9e-25,6080000000000000000
Nd135,134.91818116,-76.213758,8.288154,β+12.4min,6.13e-25,4172000000000000000
Nd136,135.914976035,-79.199314,8.308512,β+50.67min,1.5e-25,1009000000000000000
Nd137,136.914567137,-79.580199,8.309561,β+38.50min,1.98e-25,1321000000000000000
Nd138,137.911949961,-82.018083,8.3255,β+5.03h,2.51e-26,167000000000000000
Nd139,138.911978288,-81.991697,8.323482,β+29.67min,2.56e-25,1687000000000000000
Nd140,139.909552,-84.25177,8.337824,e3.37d,1.57e-27,10000000000000000
Nd141,140.909609854,-84.197879,8.335552,β+2.489h,5.09e-26,331000000000000000
Nd142,141.907723297,-85.955195,8.346066,S,0,0
Nd143,142.90981429,-84.007448,8.330524,S,0,0
Nd144,143.910087274,-83.753165,8.326959,α2.29e15y,6.31e-45,0.0402
Nd145,144.912573636,-81.437134,8.309223,S,0,0
Nd146,145.913116939,-80.93105,8.304127,S,0,0
Nd147,146.916100441,-78.151936,8.283638,β-10.98d,4.809e-28,2994000000000000
Nd148,147.916893288,-77.413404,8.277213,S,0,0
Nd149,148.920148842,-74.380875,8.255479,β-1.728h,7.334e-26,450600000000000000
Nd150,149.920890888,-73.689663,8.249643,β-7.89e18y,1.27e-48,1.12e-05
Nd151,150.923828929,-70.952896,8.230338,β-12.44min,6.113e-25,3705000000000000000
Nd152,151.924682219,-70.158061,8.224062,β-11.4min,6.67e-25,4020000000000000000
Nd153,152.927698232,-67.348663,8.204702,β-31.6s,1.44e-23,86400000000000000000
Nd154,153.929477307,-65.691466,8.193075,β-25.9s,1.76e-23,105000000000000000000
Nd155,154.932932,-62.473,8.172,β-8.9s,5.1e-23,300000000000000000000
Nd156,155.935018114,-60.530237,8.158429,β-5.49s,8.31e-23,488000000000000000000
Nd157,156.93903,-56.793,8.134,β-100ns,3.16e-15,26600000000000000958180360192
Nd158,157.9416,-54.399,8.119,β-50ns,6.3e-15,53000000000000003727897395200
Nd159,158.94609,-50.217,8.092,β-500ms,9.12e-22,5249999999999999475712
Nd160,159.94909,-47.422,8.074,β-300ms,1.52e-21,8700000000000000000000
Nd161,160.95388,-42.961,8.047,β-200ms,2.28e-21,12899999999999998951424
Pm126,125.95752,-39.57,8.007,β+500ms,9.12e-22,6630000000000000524288
Pm127,126.95163,-45.056,8.05,β+1s,5e-22,5000000000000000000000
Pm128,127.94842,-48.046,8.074,β+1.0s,4.6e-22,3400000000000000000000
Pm129,128.94316,-52.946,8.112,β+2.4s,1.3e-22,1300000000000000000000
Pm130,129.94045,-55.47,8.131,β+2.6s,1.8e-22,1200000000000000000000
Pm131,130.93587,-59.737,8.163,β+6.3s,7.2e-23,510000000000000000000
Pm132,131.93375,-61.711,8.177,β+6.3s,7.2e-23,500000000000000000000
Pm133,132.929782,-65.407646,8.204283,β+15s,3e-23,210000000000000000000
Pm134,133.928353,-66.738751,8.213225,β+5s,6e-23,600000000000000000000
Pm135,134.924876,-69.977556,8.236165,β+49s,9.3e-24,63000000000000000000
Pm136,135.923565829,-71.197972,8.243926,β+1.78min,4.26e-24,28800000000000000000
Pm137,136.920479493,-74.072875,8.263651,β+2.3min,2.2e-24,21000000000000000000
Pm138,137.919548281,-74.940294,8.268543,β+10s,4.6e-23,310000000000000000000
Pm139,138.916804082,-77.496499,8.285514,β+4.15min,1.83e-24,12100000000000000000
Pm140,139.916041789,-78.20657,8.289056,β+9.2s,5e-23,330000000000000000000
Pm141,140.913555054,-80.522949,8.30394,β+20.90min,2.522e-25,2362000000000000000
Pm142,141.912874471,-81.156907,8.306766,β+40.5s,1.13e-23,72700000000000000000
Pm143,142.910932616,-82.965734,8.317769,e265d,1.99e-29,130000000000000
Pm144,143.912590843,-81.421106,8.305331,e363d,1.45e-29,92600000000000
Pm145,144.912749023,-81.273762,8.302701,e17.7y,8.17e-31,5160000000000
Pm146,145.914696305,-79.45988,8.288692,e5.51y,1.81e-30,16400000000000
Pm147,146.915138545,-79.047936,8.284411,β-2.6217y,3.8222e-30,34343000000000
Pm148,147.917474618,-76.871898,8.268268,β-5.368d,9.837e-28,6085000000000000
Pm149,148.918334155,-76.071245,8.261573,β-2.212d,2.388e-27,14670000000000000
Pm150,149.920983561,-73.603339,8.243852,β-2.681h,4.73e-26,289000000000000000
Pm151,150.921206973,-73.395232,8.241331,β-1.18d,4.46e-27,27000000000000000
Pm152,151.923496795,-71.262276,8.22618,β-4.12min,1.85e-24,11100000000000000000
Pm153,152.924116889,-70.684663,8.221392,β-5.25min,1.45e-24,8670000000000000000
Pm154,153.926463943,-68.498396,8.206221,β-2.68min,1.97e-24,16900000000000000000
Pm155,154.928101267,-66.973239,8.195511,β-41.5s,1.1e-23,64900000000000000000
Pm156,155.931056736,-64.220237,8.177068,β-26.7s,1.71e-23,100000000000000000000
Pm157,156.933039369,-62.373426,8.164631,β-10.56s,4.32e-23,252000000000000000000
Pm158,157.936561407,-59.092669,8.143276,β-4.8s,9.5e-23,550000000000000000000
Pm159,158.93897,-56.849,8.129,β-1.47s,3.1e-22,1790000000000000000000
Pm160,159.94299,-53.104,8.105,β-2s,2e-22,1000000000000000000000
Pm161,160.94586,-50.431,8.088,β-700ms,6.52e-22,3700000000000000000000
Pm162,161.95029,-46.305,8.063,β-500ms,9.12e-22,5160000000000000000000
Pm163,162.95368,-43.147,8.043,β-200ms,2.28e-21,12800000000000000000000
Sm128,127.95808,-39.048,7.997,β+500ms,9.12e-22,6529999999999999475712
Sm129,128.95464,-42.253,8.023,β+550ms,8.3e-22,5889999999999999475712
Sm130,129.94892,-47.581,8.064,β+1s,5e-22,5000000000000000000000
Sm131,130.94611,-50.198,8.084,β+1.2s,3.8e-22,2700000000000000000000
Sm132,131.94069,-55.247,8.122,β+4.0s,1.1e-22,790000000000000000000
Sm133,132.93867,-57.129,8.136,β+3.7s,8.5e-23,850000000000000000000
Sm134,133.93397,-61.507,8.168,β+9.5s,3.3e-23,330000000000000000000
Sm135,134.93252,-62.857216,8.177626,β+10.3s,4.43e-23,300000000000000000000
Sm136,135.928275527,-66.810917,8.205916,β+47s,9.7e-24,65000000000000000000
Sm137,136.926971746,-68.025381,8.213798,β+45s,1e-23,68000000000000000000
Sm138,137.923243961,-71.49779,8.237928,β+3.2min,1.7e-24,16000000000000000000
Sm139,138.922296605,-72.380247,8.243078,β+2.57min,2.96e-24,19500000000000000000
Sm140,139.918994687,-75.455963,8.26382,β+14.82min,5.131e-25,3355000000000000000
Sm141,140.918476488,-75.938662,8.265879,β+10.2min,7.45e-25,4840000000000000000
Sm142,141.915197641,-78.992889,8.286017,β+1.208h,1.049e-25,676300000000000000
Sm143,142.914628338,-79.523191,8.288224,β+8.75min,8.69e-25,5570000000000000000
Sm144,143.911999478,-81.971958,8.303723,S,0,0
Sm145,144.913410353,-80.657737,8.293057,e340d,1.55e-29,98000000000000
Sm146,145.9130409,-81.00188,8.293895,α1.03e8y,1.4e-37,880000
Sm147,146.914897923,-79.272075,8.280614,α1.06e11y,1.36e-40,849
Sm148,147.914822674,-79.342169,8.279673,α7.0e15y,2.1e-45,0.013
Sm149,148.917184735,-77.141922,8.263508,S,0,0
Sm150,149.917275539,-77.057339,8.261663,S,0,0
Sm151,150.919932409,-74.582481,8.244012,β-89y,1.6e-31,970000000000
Sm152,151.919732425,-74.768765,8.244102,S,0,0
Sm153,152.922097356,-72.565846,8.228574,β-1.92847d,2.7382e-27,16382000000000000
Sm154,153.922209273,-72.461596,8.226876,S,0,0
Sm155,154.924640161,-70.197239,8.211264,β-22.33min,3.41e-25,2014000000000000000
Sm156,155.925527887,-69.370326,8.205066,β-9.4h,1.3e-26,79000000000000000
Sm157,156.928358717,-66.733426,8.187419,β-8.03min,9.47e-25,5520000000000000000
Sm158,157.929991317,-65.212669,8.177059,β-5.30min,9.94e-25,8310000000000000000
Sm159,158.933211271,-62.213301,8.15753,β-11.37s,4.013e-23,231000000000000000000
Sm160,159.93514,-60.417,8.146,β-9.5s,4.8e-23,270000000000000000000
Sm161,160.93883,-56.979,8.124,β-4.8s,9.5e-23,540000000000000000000
Sm162,161.94122,-54.753,8.11,β-2.4s,1.9e-22,1100000000000000000000
Sm163,162.94536,-50.897,8.086,β-1s,5e-22,4000000000000000000000
Sm164,163.94828,-48.177,8.069,β-500ms,9.12e-22,5089999999999999475712
Sm165,164.95298,-43.799,8.043,β-200ms,2.28e-21,12600000000000000000000
Eu130,129.963569,-33.936,7.953,p900µs,3.51e-19,3570000000000000213909504
Eu131,130.957753,-39.353,7.995,p17.8ms,2.56e-20,179000000000000002097152
Eu132,131.95437,-42.504,8.02,β+100ms,4.56e-21,31699999999999998951424
Eu133,132.94924,-47.283,8.056,β+200ms,2.28e-21,15699999999999998951424
Eu134,133.94651,-49.826,8.074,β+500ms,9.12e-22,6240000000000000000000
Eu135,134.94182,-54.194,8.108,β+1.5s,3e-22,2000000000000000000000
Eu137,136.93557,-60.016,8.15,β+11s,2.9e-23,280000000000000000000
Eu138,137.933709,-61.749669,8.16162,β+12.1s,3.77e-23,249000000000000000000
Eu139,138.92979228,-65.39807,8.187218,β+17.9s,2.55e-23,168000000000000000000
Eu140,139.928087607,-66.985963,8.197732,β+1.51s,3.02e-22,1970000000000000000000
Eu141,140.92493072,-69.926584,8.217691,β+40.7s,1.12e-23,72800000000000000000
Eu142,141.923434945,-71.319889,8.226472,β+2.34s,1.35e-22,1260000000000000000000
Eu143,142.920297509,-74.242392,8.245824,β+2.58min,2.03e-24,18800000000000000000
Eu144,143.918816823,-75.621643,8.254191,β+10.2s,4.47e-23,285000000000000000000
Eu145,144.916265237,-77.998429,8.269321,β+5.93d,8.9e-28,5620000000000000
Eu146,145.917205817,-77.122285,8.261964,β+4.61d,1.15e-27,7180000000000000
Eu147,146.916746111,-77.550499,8.26358,β+24.1d,2.19e-28,1400000000000000
Eu148,147.918085895,-76.302498,8.253849,β+54.5d,9.69e-29,600000000000000
Eu149,148.917931238,-76.44656,8.25359,e93.1d,5.67e-29,349000000000000
Eu150,149.919701819,-74.797274,8.24138,β+36.8y,2.72e-31,2390000000000
Eu151,150.919850161,-74.659094,8.239339,???1.7e18y,5.9e-48,5.2e-05
Eu152,151.921744534,-72.894497,8.226624,β+13.528y,7.4072e-31,6436200000000
Eu153,152.921230339,-73.373467,8.22874,S,0,0
Eu154,153.922979237,-71.744378,8.217139,β-8.588y,1.167e-30,10010000000000
Eu155,154.92289326,-71.824466,8.216715,β-4.750y,2.11e-30,17980000000000
Eu156,155.924752249,-70.092829,8.204682,β-15.19d,3.476e-28,2040000000000000
Eu157,156.925423647,-69.467426,8.19985,β-15.181h,8.349e-27,48676000000000000
Eu158,157.927845302,-67.211669,8.184759,β-45.83min,1.66e-25,960500000000000000
Eu159,158.929088861,-66.053301,8.17676,β-18.2min,2.91e-25,2420000000000000000
Eu160,159.931971,-63.369,8.159,β-38s,1.2e-23,68000000000000000000
Eu161,160.93368,-61.777,8.149,β-26s,1.8e-23,98000000000000000000
Eu162,161.93704,-58.647,8.129,β-10.6s,4.3e-23,243000000000000000000
Eu163,162.93921,-56.626,8.116,β-7.8s,4.1e-23,330000000000000000000
Eu164,163.94299,-53.104,8.095,β-4.2s,7.5e-23,610000000000000000000
Eu165,164.94572,-50.561,8.079,β-2.3s,1.4e-22,1100000000000000000000
Eu166,165.94997,-46.603,8.055,β-400ms,1.14e-21,6289999999999999475712
Eu167,166.95321,-43.585,8.037,β-200ms,2.28e-21,12499999999999998951424
Gd134,133.95537,-41.573,8.007,β+400ms,1.14e-21,7790000000000000524288
Gd135,134.95257,-44.181,8.028,β+1.1s,4.1e-22,2800000000000000000000
Gd136,135.94734,-49.052,8.064,β+200ns,1.58e-15,15399999999999999050141138944
Gd137,136.94502,-51.214,8.08,β+2.2s,2.1e-22,1400000000000000000000
Gd138,137.94012,-55.778,8.113,β+4.8s,9.7e-23,640000000000000000000
Gd139,138.93824,-57.529,8.125,β+5.8s,8e-23,530000000000000000000
Gd140,139.933674,-61.782272,8.154975,β+15.8s,2.89e-23,189000000000000000000
Gd141,140.932126,-63.224224,8.164608,β+14s,3.3e-23,210000000000000000000
Gd142,141.928116,-66.959515,8.190256,β+1.17min,6.5e-24,42000000000000000000
Gd143,142.92674951,-68.232392,8.198326,β+39s,1.2e-23,75000000000000000000
Gd144,143.922963,-71.759504,8.221937,β+4.47min,1.7e-24,10800000000000000000
Gd145,144.921709252,-72.927362,8.228953,β+23min,3.3e-25,2100000000000000000
Gd146,145.918310608,-76.093179,8.249557,e48.28d,1.094e-28,685900000000000
Gd147,146.91909442,-75.363063,8.243378,β+1.59d,3.33e-27,20730000000000000
Gd148,147.918114524,-76.27583,8.248382,α71.0y,1.41e-31,1260000000000
Gd149,148.919340915,-75.133454,8.239527,β+9.28d,5.69e-28,3490000000000000
Gd150,149.918658876,-75.768769,8.242641,α1.79e6y,8.08e-36,49300000
Gd151,150.920348482,-74.194911,8.231084,e124d,4.26e-29,257000000000000
Gd152,151.919790996,-74.714206,8.233449,α1.08e14y,1.34e-43,0.806
Gd153,152.921749543,-72.889831,8.220465,e240.4d,2.197e-29,131400000000000
Gd154,153.920865598,-73.713221,8.224843,S,0,0
Gd155,154.922622022,-72.077123,8.213297,S,0,0
Gd156,155.922122743,-72.542197,8.215368,S,0,0
Gd157,156.923960135,-70.830678,8.20355,S,0,0
Gd158,157.924103912,-70.696751,8.201865,S,0,0
Gd159,158.926388658,-68.568524,8.187659,β-18.479h,6.8582e-27,39482000000000000
Gd160,159.927054146,-67.948626,8.183057,β-3.1e19y,3.2e-49,2.7e-06
Gd161,160.929669211,-65.512709,8.167233,β-3.67min,1.44e-24,11800000000000000000
Gd162,161.930984751,-64.28729,8.159077,β-8.3min,9.1e-25,5090000000000000000
Gd163,162.93399,-61.488,8.141,β-1.1min,6.7e-24,38000000000000000000
Gd164,163.93586,-59.746,8.131,β-45s,1e-23,57000000000000000000
Gd165,164.93938,-56.467,8.11,β-10.3s,4.43e-23,245000000000000000000
Gd166,165.9416,-54.399,8.097,β-4.8s,9.5e-23,530000000000000000000
Gd167,166.94557,-50.701,8.074,β-3s,2e-22,900000000000000000000
Gd168,167.94836,-48.102,8.06,β-300ms,1.52e-21,8280000000000000000000
Gd169,168.95287,-43.901,8.035,β-1s,5e-22,4000000000000000000000
Tb136,135.96138,-35.974,7.962,β+200ms,2.28e-21,15299999999999998951424
Tb137,136.95598,-41.004,7.999,p600ms,7.6e-22,5080000000000000000000
Tb138,137.95316,-43.631,8.02,β+800ms,5.7e-22,3800000000000000000000
Tb139,138.94829,-48.168,8.052,β+1.6s,2.9e-22,1900000000000000000000
Tb140,139.945805049,-50.482272,8.068672,β+2.4s,1.9e-22,1200000000000000000000
Tb141,140.941448,-54.540837,8.097475,β+3.5s,1.3e-22,850000000000000000000
Tb142,141.938744,-57.06,8.116,β+597ms,7.64e-22,4929999999999999475712
Tb143,142.935121,-60.4344,8.138323,β+12s,3.8e-23,250000000000000000000
Tb144,143.933045,-62.368181,8.151287,β+1s,5e-22,4000000000000000000000
Tb145,144.929274,-65.880845,8.174961,β+20min,3.8e-25,2400000000000000000
Tb146,145.927246584,-67.76937,8.187186,β+8.0s,5.7e-23,340000000000000000000
Tb147,146.924044585,-70.752013,8.206688,β+1.7h,5.2e-26,460000000000000000
Tb148,147.924271701,-70.540457,8.204344,β+1.0h,1.3e-25,780000000000000000
Tb149,148.923245909,-71.495975,8.209864,β+4.1167h,3.078e-26,189050000000000000
Tb150,149.923659686,-71.110545,8.206371,β+3.47h,3.64e-26,222000000000000000
Tb151,150.923102543,-71.62952,8.208913,β+17.609h,7.197e-27,43630000000000000
Tb152,151.924074438,-70.724206,8.202052,β+18h,7.24e-27,43600000000000000
Tb153,152.923434588,-71.320222,8.205093,β+2.34d,2.26e-27,13500000000000000
Tb154,153.924678019,-70.161974,8.196703,β+21.5h,5.89e-27,34900000000000000
Tb155,154.923505236,-71.254414,8.202942,e5.3d,9.93e-28,5860000000000000
Tb156,155.924747213,-70.09752,8.194682,β+5.35d,9.87e-28,5790000000000000
Tb157,156.924024604,-70.770626,8.198184,e70y,2e-31,1200000000000
Tb158,157.925413137,-69.477216,8.189195,β+180y,8.03e-32,466000000000
Tb159,158.925346757,-69.539048,8.188842,S,0,0
Tb160,159.927167606,-67.842938,8.177507,β-72.3d,7.3e-29,418000000000000
Tb161,160.927569919,-67.468186,8.17452,β-6.906d,7.646e-28,4347000000000000
Tb162,161.929488234,-65.681287,8.162853,β-7.60min,6.93e-25,5650000000000000000
Tb163,162.930647536,-64.601404,8.155666,β-19.50min,3.9e-25,2187000000000000000
Tb164,163.933350838,-62.083294,8.139797,β-3.00min,2.5e-24,14100000000000000000
Tb165,164.93488,-60.659,8.131,β-2.12min,2.5e-24,20000000000000000000
Tb166,165.937991959,-57.760118,8.112929,β-25.1s,1.26e-23,100000000000000000000
Tb167,166.94005,-55.843,8.101,β-19.4s,1.63e-23,129000000000000000000
Tb168,167.94364,-52.499,8.08,β-8.2s,5.7e-23,300000000000000000000
Tb169,168.94622,-50.096,8.067,β-2s,2e-22,1000000000000000000000
Tb170,169.95025,-46.342,8.045,β-3s,2e-22,900000000000000000000
Tb171,170.9533,-43.501,8.028,β-500ms,9.12e-22,4889999999999999475712
Dy138,137.96249,-34.94,7.95,β+200ms,2.28e-21,15100000000000001048576
Dy139,138.95954,-37.688,7.971,β+600ms,7.6e-22,5000000000000000000000
Dy140,139.95401,-42.839,8.007,β+700ms,6.52e-22,4260000000000000000000
Dy141,140.95135,-45.317,8.028,β+900ms,5.07e-22,3290000000000000000000
Dy142,141.946366,-49.96,8.06,β+2.3s,2e-22,1300000000000000000000
Dy143,142.94383,-52.322,8.077,β+3.2s,9.9e-23,910000000000000000000
Dy144,143.939254,-56.584535,8.10569,β+8.9s,5e-23,320000000000000000000
Dy145,144.937425,-58.288238,8.117202,β+6s,5e-23,500000000000000000000
Dy146,145.932845369,-62.554136,8.146107,β+29s,1.1e-23,99000000000000000000
Dy148,147.927149831,-67.859496,8.180943,β+3.3min,2.3e-24,14000000000000000000
Dy149,148.927304787,-67.715154,8.179238,β+4.20min,1.25e-24,11100000000000000000
Dy147,146.9310915,-64.187855,8.156712,β+40s,1.1e-23,71000000000000000000
Dy151,150.926184601,-68.758601,8.184719,β+17.8min,2.94e-25,2580000000000000000
Dy150,149.925585184,-69.316955,8.189198,β+7.17min,1.06e-24,6470000000000000000
Dy152,151.9247183,-70.124452,8.192959,e2.381h,5.32e-26,320000000000000000
Dy153,152.92576467,-69.149764,8.185793,β+6.4h,2e-26,120000000000000000
Dy154,153.924424457,-70.398165,8.193157,α3.0e6y,4.8e-36,28000000
Dy155,154.925753775,-69.159914,8.184382,β+10h,1.3e-26,76000000000000000
Dy156,155.92428311,-70.529829,8.192439,S,0,0
Dy157,156.925466095,-69.427886,8.184648,β+8.14h,1.56e-26,90700000000000000
Dy158,157.924409487,-70.412109,8.19016,S,0,0
Dy159,158.925739214,-69.173476,8.181623,e144.4d,3.657e-29,210000000000000
Dy160,159.925197517,-69.678064,8.184087,S,0,0
Dy161,160.926933364,-68.061133,8.173344,S,0,0
Dy162,161.926798447,-68.186808,8.17349,S,0,0
Dy163,162.928731159,-66.386498,8.161818,S,0,0
Dy164,163.929174751,-65.973294,8.158746,S,0,0
Dy165,164.931703333,-63.617935,8.143942,β-2.334h,5.43e-26,301260000000000000
Dy166,165.932806741,-62.590118,8.137313,β-3.40d,1.55e-27,8560000000000000
Dy167,166.935655462,-59.936551,8.121028,β-6.20min,8.5e-25,6720000000000000000
Dy168,167.937128769,-58.564175,8.112563,β-8.67min,8.9e-25,4780000000000000000
Dy169,168.940307614,-55.603099,8.094798,β-39s,1.2e-23,64000000000000000000
Dy170,169.94239,-53.663,8.083,β-30s,1.5e-23,82000000000000000000
Dy171,170.9462,-50.114,8.063,β-6s,8e-23,400000000000000000000
Dy172,171.94876,-47.73,8.049,β-3s,2e-22,900000000000000000000
Dy173,172.953,-43.78,8.026,β-2s,2e-22,1000000000000000000000
Ho140,139.968539,-29.305,7.906,p6.0ms,7.6e-20,490000000000000029360128
Ho141,140.963098,-34.374,7.943,p4.1ms,1.1e-19,719999999999999966445568
Ho142,141.95977,-37.474,7.966,β+400ms,1.14e-21,7350000000000000524288
Ho143,142.95461,-42.281,8,β+200ns,1.58e-15,14599999999999999699218071552
Ho144,143.95148,-45.196,8.021,β+700ms,6.52e-22,4140000000000000000000
Ho145,144.9472,-49.183,8.049,β+2.4s,1.9e-22,1200000000000000000000
Ho146,145.94464,-51.568,8.064,β+3.6s,1.3e-22,790000000000000000000
Ho147,146.940056,-55.837477,8.094584,β+5.8s,8e-23,490000000000000000000
Ho148,147.937718,-58.01531,8.109142,β+2.2s,2.1e-22,1300000000000000000000
Ho149,148.933774771,-61.688403,8.13354,β+21.1s,2.16e-23,133000000000000000000
Ho150,149.933496182,-61.947908,8.134855,β+1.2min,4.4e-24,39000000000000000000
Ho151,150.931688142,-63.632086,8.145588,β+35.2s,1.3e-23,78500000000000000000
Ho152,151.931713714,-63.608266,8.144942,β+2.697min,2.82e-24,16980000000000000000
Ho153,152.930198789,-65.01941,8.153684,β+2.02min,2.62e-24,22600000000000000000
Ho154,153.930601579,-64.644213,8.150713,β+11.76min,6.466e-25,3843000000000000000
Ho155,154.929103491,-66.039673,8.159204,β+48min,1.6e-25,930000000000000000
Ho156,155.929839,-65.354551,8.154249,β+57min,1.4e-25,800000000000000000
Ho157,156.928256188,-66.82893,8.163111,β+12.6min,6.03e-25,3521000000000000000
Ho158,157.928941007,-66.191026,8.158493,β+11.3min,6.73e-25,3900000000000000000
Ho159,158.927711959,-67.335876,8.165145,β+33.05min,2.301e-25,1324000000000000000
Ho160,159.928729478,-66.388064,8.158635,β+25.7min,2.06e-25,1700000000000000000
Ho161,160.927854776,-67.202843,8.163153,e2.481h,5.11e-26,290000000000000000
Ho162,161.929095504,-66.047112,8.155452,β+15min,5.1e-25,2900000000000000000
Ho163,162.928733903,-66.383942,8.157002,e4560y,3.16e-33,17800000000
Ho164,163.930233507,-64.987069,8.147963,e28min,1.8e-25,1500000000000000000
Ho165,164.93032207,-64.904574,8.146998,S,0,0
Ho166,165.932284162,-63.076897,8.135532,β-1.1177d,3.2746e-27,26051000000000000
Ho167,166.933132633,-62.286551,8.130415,β-3.1h,4.1e-26,230000000000000000
Ho168,167.935515708,-60.066731,8.11685,β-2.98min,2.54e-24,13800000000000000000
Ho169,168.936872273,-58.803099,8.109103,β-4.72min,1.12e-24,8720000000000000000
Ho170,169.939618929,-56.244606,8.093831,β-2.77min,2.76e-24,14800000000000000000
Ho171,170.94146515,-54.524862,8.083642,β-53s,8.6e-24,46000000000000000000
Ho172,171.94482,-51.4,8.064,β-25s,1.8e-23,97000000000000000000
Ho173,172.94729,-49.099,8.052,β-10s,4.6e-23,250000000000000000000
Ho174,173.95115,-45.503,8.032,β-9s,6e-23,350000000000000000000
Ho175,174.95405,-42.802,8.016,β-5s,9e-23,500000000000000000000
Er143,142.96634,-31.354,7.919,β+200ms,2.28e-21,14600000000000000000000
Er144,143.96038,-36.906,7.958,β+200ns,1.58e-15,14500000000000000604986408960
Er145,144.95739,-39.691,7.978,β+900ms,5.07e-22,3200000000000000000000
Er146,145.952,-44.712,8.013,β+1.7s,2.7e-22,1700000000000000000000
Er147,146.94949,-47.05,8.029,β+2.5s,1.8e-22,1100000000000000000000
Er148,147.94455,-51.651,8.06,β+4.6s,9.9e-23,620000000000000000000
Er149,148.942306,-53.741615,8.074955,β+4.0s,1.1e-22,700000000000000000000
Er150,149.937913839,-57.832887,8.102206,β+18.5s,2.47e-23,150000000000000000000
Er151,150.937448903,-58.265971,8.104869,β+23.5s,1.94e-23,118000000000000000000
Er152,151.935050389,-60.500173,8.119347,α10.3s,4.43e-23,266000000000000000000
Er153,152.935063492,-60.487968,8.118954,α37.1s,1.23e-23,73600000000000000000
Er154,153.932783081,-62.612157,8.132438,β+3.73min,2.04e-24,12100000000000000000
Er155,154.933208949,-62.215463,8.129484,β+5.33min,1.4e-24,8450000000000000000
Er156,155.931064698,-64.212821,8.141915,β+19.50min,3.9e-25,2285000000000000000
Er157,156.931916,-63.419838,8.136414,β+18.65min,4.077e-25,2378000000000000000
Er158,157.929893474,-65.303809,8.147926,e2.289h,5.53e-26,320000000000000000
Er159,158.930684066,-64.567376,8.142813,β+37min,2.1e-25,1200000000000000000
Er160,159.929083292,-66.058488,8.151685,e1.191d,4.434e-27,25370000000000000
Er161,160.929995309,-65.20895,8.14591,β+3.22h,2.74e-26,224000000000000000
Er162,161.928778264,-66.34262,8.152447,S,0,0
Er163,162.930032749,-65.174074,8.14478,β+1.3h,1e-25,570000000000000000
Er164,163.929200229,-65.949562,8.149061,S,0,0
Er166,165.930293061,-64.931595,8.141992,S,0,0
Er167,166.932048159,-63.296733,8.131779,S,0,0
Er168,167.932370224,-62.996731,8.129634,S,0,0
Er169,168.934590364,-60.928684,8.117052,β-9.4d,5.6e-28,3000000000000000
Er170,169.935464312,-60.114606,8.111994,S,0,0
Er171,170.938029808,-57.724862,8.097781,β-7.5167h,1.686e-26,90241000000000000
Er172,171.939356113,-56.489417,8.090444,β-2.05d,1.78e-27,13700000000000000
Er173,172.9424,-53.654,8.074,β-1.4min,3.8e-24,29000000000000000000
Er174,173.94423,-51.949,8.064,β-3.17min,2.4e-24,12400000000000000000
Er175,174.94777,-48.652,8.045,β-1.2min,6.3e-24,34000000000000000000
Er176,175.95008,-46.5,8.033,β-20s,2.3e-23,120000000000000000000
Er177,176.95405,-42.802,8.013,β-3s,2e-22,900000000000000000000
Tm145,144.970073,-27.877,7.891,p3.17µs,9.98e-17,908000000000000038453379072
Tm146,145.966425,-31.275,7.916,p80ms,4e-21,36000000000000000000000
Tm147,146.960961,-36.365,7.951,β+580ms,7.87e-22,4900000000000000000000
Tm148,147.95784,-39.272,7.972,β+700ms,6.52e-22,4030000000000000000000
Tm149,148.95272,-44.041,8.005,β+900ms,5.07e-22,3110000000000000000000
Tm150,149.94996,-46.612,8.021,β+2.2s,1.4e-22,1300000000000000000000
Tm151,150.94548349,-50.781802,8.050124,β+4.17s,1.09e-22,663000000000000000000
Tm152,151.944422,-51.770574,8.056769,β+8.0s,5.7e-23,330000000000000000000
Tm153,152.942012112,-54.01537,8.071536,α1.48s,3.08e-22,1840000000000000000000
Tm154,153.941567808,-54.429236,8.074222,α8.0s,5.7e-23,330000000000000000000
Tm155,154.939199459,-56.635339,8.088436,β+21.6s,2.11e-23,125000000000000000000
Tm156,155.938979933,-56.839827,8.089637,β+1.40min,5.44e-24,31900000000000000000
Tm157,156.936973,-58.709273,8.101428,β+3.63min,2.09e-24,12200000000000000000
Tm158,157.936979525,-58.703194,8.101199,β+3.98min,1.91e-24,11100000000000000000
Tm159,158.934975,-60.570398,8.112754,β+9.13min,8.33e-25,4800000000000000000
Tm160,159.935262801,-60.302313,8.11082,β+9.33min,8.1e-25,4650000000000000000
Tm161,160.933549,-61.898708,8.12049,β+30.17min,2.52e-25,1434000000000000000
Tm162,161.933994682,-61.483558,8.117624,β+22min,3.5e-25,1978000000000000000
Tm163,162.932651124,-62.735074,8.125017,β+1.810h,4.853e-26,393200000000000000
Tm164,163.93356,-61.888462,8.119528,e2.00min,3.8e-24,21600000000000000000
Tm165,164.932435492,-62.935934,8.125584,β+1.252d,4.216e-27,23390000000000000
Tm166,165.933554131,-61.893929,8.11898,β+7.8h,1.6e-26,91000000000000000
Tm167,166.932851622,-62.548311,8.122613,e9.25d,5.71e-28,3140000000000000
Tm168,167.934172776,-61.317664,8.114982,β+93.1d,5.67e-29,309000000000000
Tm169,168.93421325,-61.279963,8.114501,S,0,0
Tm170,169.935801397,-59.800614,8.105545,β-128.6d,4.106e-29,221100000000000
Tm171,170.93642944,-59.215595,8.101923,β-1.92y,7.53e-30,40300000000000
Tm172,171.938400044,-57.37999,8.091073,β-2.65d,1.99e-27,11000000000000000
Tm173,172.939603607,-56.258878,8.084479,β-8.25h,1.54e-26,81400000000000000
Tm174,173.942168605,-53.869598,8.070672,β-5.33min,1.4e-24,7370000000000000000
Tm175,174.943836853,-52.315634,8.061795,β-15.2min,5.1e-25,2608000000000000000
Tm176,175.946994685,-49.374133,8.045137,β-1.8min,2.8e-24,21000000000000000000
Tm177,176.94904,-47.469,8.035,β-1.5min,5.1e-24,26200000000000000000
Tm178,177.95264,-44.116,8.016,β-30s,1.5e-23,79000000000000000000
Tm179,178.95534,-41.601,8.002,β-20s,2.3e-23,120000000000000000000
Yb148,147.96742,-30.348,7.906,β+250ms,1.82e-21,11299999999999998951424
Yb149,148.96404,-33.497,7.929,β+700ms,6.52e-22,4000000000000000000000
Yb150,149.95842,-38.732,7.964,β+200ns,1.58e-15,13899999999999999442526666752
Yb151,150.955400769,-41.543916,7.983765,β+1.6s,2.9e-22,1700000000000000000000
Yb152,151.950288919,-46.305574,8.015668,β+3.04s,1.5e-22,903000000000000000000
Yb153,152.94948,-47.059,8.021,α4.2s,1.1e-22,650000000000000000000
Yb154,153.946393928,-49.933735,8.03995,α409ms,1.12e-21,6630000000000000524288
Yb155,154.945782332,-50.503433,8.043828,α1.793s,2.545e-22,1502000000000000000000
Yb156,155.942818215,-53.26449,8.061703,β+26.1s,1.75e-23,102000000000000000000
Yb157,156.942627848,-53.441815,8.062894,β+38.6s,1.18e-23,68900000000000000000
Yb158,157.939865617,-56.014817,8.079232,β+1.49min,5.1e-24,29600000000000000000
Yb159,158.940050099,-55.842973,8.078101,β+1.67min,3.16e-24,26200000000000000000
Yb160,159.937552344,-58.169617,8.092601,β+4.83min,1.6e-24,8970000000000000000
Yb161,160.937901678,-57.844214,8.090447,β+4.17min,1.8e-24,10400000000000000000
Yb162,161.93576821,-59.831527,8.102597,β+18.87min,4.03e-25,2277000000000000000
Yb163,162.936334305,-59.304213,8.09917,β+11.05min,6.881e-25,3864000000000000000
Yb164,163.934489416,-61.022716,8.109478,e1.264h,1e-25,560000000000000000
Yb165,164.935279,-60.287224,8.10479,β+9.83min,7.7e-25,4250000000000000000
Yb166,165.933882042,-61.588481,8.112427,e2.36d,2.24e-27,12300000000000000
Yb167,166.934949605,-60.594053,8.106226,β+17.50min,4.35e-25,2389000000000000000
Yb168,167.933896895,-61.574646,8.111855,S,0,0
Yb169,168.935189802,-60.370311,8.104489,e32.03d,1.6488e-28,893000000000000
Yb170,169.934761837,-60.768957,8.106639,S,0,0
Yb171,170.936325799,-59.312137,8.097913,S,0,0
Yb172,171.936381469,-59.26028,8.097457,S,0,0
Yb173,172.938210787,-57.556282,8.087456,S,0,0
Yb174,173.938862089,-56.949598,8.083876,S,0,0
Yb175,174.94127645,-54.700634,8.070954,β-4.185d,1.262e-27,6598000000000000
Yb176,175.942571683,-53.494133,8.0641,S,0,0
Yb177,176.945260822,-50.989216,8.049989,β-1.911h,6.632e-26,342900000000000000
Yb178,177.94664668,-49.698297,8.042857,β-1.2h,1e-25,530000000000000000
Yb179,178.95017,-46.416,8.026,β-8.00min,9.5e-25,4880000000000000000
Yb180,179.95233,-44.404,8.013,β-2.3min,2.2e-24,16000000000000000000
Yb181,180.95615,-40.846,7.994,β-1.0min,8e-24,37000000000000000000
Yb182,-,-,-,???-min,-,-
Lu150,149.973228,-24.938,7.867,p43ms,7.4e-21,64999999999999997902848
Lu151,150.967577,-30.202,7.903,p80.6ms,5.66e-21,34400000000000000000000
Lu152,151.96412,-33.422,7.926,β+700ms,4.5e-22,3900000000000000000000
Lu153,152.958767331,-38.407984,7.9593,α900ms,5.07e-22,3030000000000000000000
Lu154,153.957522,-39.568,7.968,β+2s,2e-22,1000000000000000000000
Lu155,154.954316216,-42.554171,7.987495,α68.6ms,6.65e-21,39299999999999998951424
Lu156,155.953032523,-43.749923,7.995697,α494ms,9.24e-22,5420000000000000000000
Lu157,156.9500983,-46.483134,8.013588,β+6.8s,6.7e-23,390000000000000000000
Lu158,157.949313283,-47.214373,8.018581,β+10.6s,4.3e-23,249000000000000000000
Lu159,158.946628776,-49.714975,8.03464,β+12.1s,3.77e-23,217000000000000000000
Lu160,159.946033,-50.269937,8.038338,β+36.1s,1.26e-23,72300000000000000000
Lu161,160.943572,-52.562344,8.052781,β+1.3min,5.9e-24,34000000000000000000
Lu162,161.943277288,-52.836866,8.05459,β+1.37min,5.55e-24,31200000000000000000
Lu163,162.941179,-54.791409,8.066684,β+3.97min,1.92e-24,10700000000000000000
Lu164,163.941339,-54.64237,8.065803,β+3.13min,2.42e-24,13500000000000000000
Lu165,164.939406724,-56.442273,8.076745,β+10.74min,7.08e-25,3927000000000000000
Lu166,165.939859,-56.020981,8.074175,β+2.65min,2.87e-24,15800000000000000000
Lu167,166.93827,-57.501125,8.083021,β+51.50min,1.48e-25,808800000000000000
Lu168,167.938739111,-57.064151,8.08035,β+5.50min,1.4e-24,7470000000000000000
Lu169,168.937651439,-58.077311,8.086292,β+1.419d,3.721e-27,20150000000000000
Lu170,169.938474968,-57.310199,8.081691,β+2.012d,2.625e-27,14130000000000000
Lu171,170.937913136,-57.833542,8.084691,β+8.24d,6.41e-28,3420000000000000
Lu172,171.939085669,-56.741334,8.078263,β+6.7d,7.9e-28,4200000000000000
Lu173,172.938930602,-56.885778,8.079058,e1.37y,1.06e-29,55800000000000
Lu174,173.94033748,-55.575279,8.071482,β+3.30y,3.03e-30,23000000000000
Lu175,174.940771819,-55.170695,8.069169,S,0,0
Lu176,175.94268631,-53.387359,8.059049,β-3.77e10y,2.67e-40,2000
Lu177,176.943758055,-52.389034,8.053478,β-6.647d,7.944e-28,4108000000000000
Lu178,177.945954559,-50.343004,8.042083,β-28min,2.68e-25,1376000000000000000
Lu179,178.947327443,-49.06417,8.035102,β-4.58h,2.76e-26,141000000000000000
Lu180,179.94988116,-46.685398,8.022088,β-5.67min,1.3e-24,6830000000000000000
Lu181,180.95197,-44.74,8.012,β-3.50min,2.2e-24,11000000000000000000
Lu182,181.95504,-41.88,7.996,β-2.00min,3.8e-24,19500000000000000000
Lu183,182.95757,-39.523,7.984,β-58s,7.9e-24,39000000000000000000
Lu184,183.96091,-36.412,7.967,β-20s,2.3e-23,110000000000000000000
Hf153,152.97069,-27.302,7.882,β+60ns,5.3e-15,44999999999999997024527187968
Hf154,153.96486,-32.733,7.918,β+2.0s,2.3e-22,1300000000000000000000
Hf155,154.96339,-34.102,7.928,β+890ms,5.13e-22,3040000000000000000000
Hf156,155.959364025,-37.852167,7.952876,α23ms,2e-20,120000000000000000000000
Hf157,156.958396,-38.754,7.959,α110ms,2.87e-21,24199999999999997902848
Hf158,157.954799366,-42.104119,7.981286,β+2.85s,1.11e-22,927000000000000000000
Hf159,158.95399487,-42.853503,7.986566,β+5.6s,5.7e-23,470000000000000000000
Hf160,159.950684379,-45.937205,8.006369,β+13.6s,3.35e-23,192000000000000000000
Hf161,160.950274844,-46.318685,8.009142,β+18.2s,2.51e-23,142000000000000000000
Hf162,161.947210498,-49.173105,8.027145,β+39.4s,1.16e-23,65500000000000000000
Hf163,162.947089,-49.28628,8.02811,β+40s,1.1e-23,64000000000000000000
Hf164,163.944367284,-51.821541,8.043833,β+1.85min,4.11e-24,23000000000000000000
Hf165,164.944567,-51.635507,8.042872,β+1.3min,6e-24,33200000000000000000
Hf166,165.94218,-53.858984,8.056438,β+6.77min,1.12e-24,6190000000000000000
Hf167,166.9426,-53.467756,8.054184,β+2.05min,3.71e-24,20400000000000000000
Hf168,167.940568,-55.360552,8.065553,e25.95min,2.93e-25,1597000000000000000
Hf169,168.941259,-54.71689,8.061778,β+3.23min,2.35e-24,12700000000000000000
Hf170,169.939609,-56.253855,8.070875,e16.011h,7.916e-27,42618000000000000
Hf171,170.940492,-55.431345,8.066068,β+12.1h,1.05e-26,56100000000000000
Hf172,171.939448301,-56.403544,8.071751,e1.9y,7.73e-30,41200000000000
Hf173,172.940513,-55.411784,8.066016,β+24h,5.37e-27,28300000000000000
Hf174,173.940046178,-55.846626,8.068545,α2.0e15y,7.2e-45,0.038
Hf175,174.941509181,-54.483847,8.060774,e69d,7.5e-29,400000000000000
Hf176,175.941408631,-54.577509,8.061366,S,0,0
Hf177,176.943220651,-52.889623,8.051886,S,0,0
Hf178,177.943698766,-52.444262,8.049493,S,0,0
Hf179,178.945816145,-50.471936,8.038596,S,0,0
Hf180,179.946549953,-49.788398,8.034981,S,0,0
Hf181,180.949101246,-47.411884,8.022052,β-42.38d,1.246e-28,629800000000000
Hf182,181.950554096,-46.058563,8.014886,β-8.9e6y,1.6e-36,8100000
Hf183,182.953530439,-43.286117,8.000045,β-1.067h,1.188e-25,593900000000000000
Hf185,184.95882,-38.359,7.974,β-3.50min,2.2e-24,11000000000000000000
Hf186,185.96089,-36.431,7.964,β-2.7min,2e-24,14000000000000000000
Hf187,186.96459,-32.984,7.946,β-30s,1.5e-23,75000000000000000000
Hf184,183.955446515,-41.501304,7.990732,β-4.11h,3.08e-26,153000000000000000
Hf188,187.96685,-30.879,7.936,β-20s,2.3e-23,110000000000000000000
Ta155,154.974592,-23.668,7.856,p13µs,3.5e-17,200000000000000009529458688
Ta156,155.972303,-25.799,7.871,p144ms,3.17e-21,18600000000000000000000
Ta157,156.968192445,-29.628547,7.896268,α10.1ms,4.52e-20,262999999999999993708544
Ta158,157.966699,-31.019,7.906,α55ms,5.7e-21,48000000000000000000000
Ta159,158.963018173,-34.44835,7.928783,β+830ms,3.81e-22,3160000000000000000000
Ta160,159.961486056,-35.875507,7.938593,β+1.55s,2.04e-22,1680000000000000000000
Ta161,160.958417,-38.734,7.957,β+3s,2e-22,900000000000000000000
Ta162,161.957291859,-39.782377,7.964348,β+3.57s,1.28e-22,722000000000000000000
Ta163,162.954330271,-42.541078,7.981929,β+10.6s,4.3e-23,242000000000000000000
Ta164,163.953534,-43.282801,7.986997,β+14.2s,3.21e-23,179000000000000000000
Ta165,164.950772514,-45.855107,8.003098,β+31s,1.5e-23,81000000000000000000
Ta166,165.950512,-46.097776,8.004971,β+34.4s,1.33e-23,73200000000000000000
Ta167,166.948093,-48.35106,8.018861,β+1.33min,5.72e-24,31400000000000000000
Ta168,167.948047,-48.393908,8.019428,β+2.00min,3.8e-24,21100000000000000000
Ta169,168.946011,-50.29043,8.030957,β+4.83min,1.6e-24,8490000000000000000
Ta170,169.946175,-50.137665,8.030296,β+6.77min,1.12e-24,6060000000000000000
Ta171,170.944476,-51.720273,8.039791,β+23min,3.26e-25,1744000000000000000
Ta172,171.944895,-51.329977,8.037705,β+36.83min,2.07e-25,1098000000000000000
Ta173,172.94375,-52.396538,8.044064,β+3.14h,4.04e-26,214000000000000000
Ta174,173.944454,-51.740766,8.040452,β+1.1h,1.11e-25,584800000000000000
Ta175,174.943737,-52.408647,8.044445,β+10.5h,1.21e-26,63200000000000000
Ta176,175.944857,-51.365374,8.03867,β+8.08h,1.57e-26,81000000000000000
Ta177,176.944472403,-51.723623,8.040878,β+2.356d,2.241e-27,11580000000000000
Ta178,177.945778221,-50.507262,8.034216,β+2.36h,3.72e-26,276000000000000000
Ta179,178.945929535,-50.366314,8.033636,e1.82y,7.94e-30,40600000000000
Ta180,179.947464831,-48.936195,8.0259,e8.1528h,1.555e-26,79041000000000000
Ta181,180.947995763,-48.441634,8.023418,S,0,0
Ta182,181.950151849,-46.433254,8.012647,β-114.43d,4.6146e-29,232040000000000
Ta183,182.951372616,-45.296117,8.006753,β-5.1d,1e-27,5100000000000000
Ta184,183.954007966,-42.841304,7.993763,β-8.6h,1.5e-26,73000000000000000
Ta185,184.955559375,-41.396176,7.98637,β-49.33min,1.54e-25,760700000000000000
Ta186,185.958552023,-38.608542,7.97184,β-10.5min,7.24e-25,3560000000000000000
Ta187,186.96053,-36.766,7.963,β-2min,3e-24,20000000000000000000
Ta188,187.9637,-33.813,7.947,β-20s,2.3e-23,110000000000000000000
Ta189,188.96583,-31.829,7.938,β-3s,2e-22,800000000000000000000
Ta190,189.96923,-28.662,7.922,β-300ms,1.52e-21,7320000000000000000000
W158,157.974562,-23.695,7.855,α1.25ms,2.53e-19,2110000000000000088080384
W159,158.972918,-25.227,7.866,α7.3ms,4.3e-20,359999999999999983222784
W160,159.968478805,-29.361804,7.892993,α90ms,5.1e-21,28999999999999997902848
W161,160.967357,-30.407,7.901,α409ms,1.12e-21,6340000000000000000000
W162,161.963497417,-34.001937,7.923837,β+1.36s,3.35e-22,1900000000000000000000
W163,162.962523542,-34.909095,7.930308,β+2.8s,1.6e-22,920000000000000000000
W164,163.958954382,-38.233747,7.95144,β+6.3s,7.2e-23,400000000000000000000
W165,164.958279949,-38.861977,7.955974,β+5.1s,8.9e-23,490000000000000000000
W166,165.955027253,-41.891844,7.974921,β+19.2s,2.38e-23,131000000000000000000
W167,166.954816014,-42.088612,7.976676,β+19.9s,2.29e-23,126000000000000000000
W168,167.951808394,-44.890192,7.993916,β+53s,6e-24,47000000000000000000
W173,172.947689,-48.727383,8.018333,β+7.67min,1e-24,5280000000000000000
W171,170.949451,-47.086091,8.008115,β+2.38min,3.19e-24,17100000000000000000
W169,168.95177879,-44.917768,7.994537,β+1.2min,4.3e-24,33000000000000000000
W170,169.949228482,-47.293364,8.008962,β+2.42min,3.14e-24,17000000000000000000
W172,171.947292,-49.097186,8.020175,β+6.7min,1.2e-24,6140000000000000000
W174,173.946079,-50.227088,8.027256,β+33.17min,2.29e-25,1206000000000000000
W175,174.946717,-49.632795,8.024112,β+35.17min,2.16e-25,1129000000000000000
W176,175.945634,-50.641603,8.030112,e2.5h,5.1e-26,260000000000000000
W177,176.946643,-49.701726,8.025035,β+2.200h,5.76e-26,299000000000000000
W178,177.945876236,-50.415962,8.029308,e21.6d,2.44e-28,1260000000000000
W179,178.947070447,-49.303561,8.023328,β+37.05min,2.052e-25,1049000000000000000
W180,179.946704459,-49.644477,8.025488,α1.8e18y,5.6e-48,4.1e-05
W181,180.948197248,-48.253952,8.018059,e121.2d,4.357e-29,220300000000000
W182,181.948204156,-48.247518,8.018316,α8.2e18y,1.2e-48,8.8e-06
W183,182.950222951,-46.367023,8.00833,α1.3e19y,7.7e-49,5.6e-06
W184,183.950931188,-45.707304,8.005087,α2.9e19y,3.5e-49,2.5e-06
W185,184.953419264,-43.389676,7.992917,β-75.1d,7.03e-29,348000000000000
W187,186.957160466,-39.904768,7.97512,β-23.719h,5.343e-27,26150000000000000
W188,187.958489105,-38.66715,7.969048,β-69.78d,7.567e-29,368400000000000
W189,188.961912868,-35.477935,7.952715,β-10.7min,4.93e-25,3440000000000000000
W186,185.954364127,-42.509542,7.988607,β-2.7e19y,3.7e-49,2.6e-06
W191,190.9666,-31.112,7.931,β-20s,2.3e-23,110000000000000000000
W192,191.96817,-29.649,7.924,β-10s,4.6e-23,220000000000000000000
W190,189.963181378,-34.296326,7.947121,β-30min,2.5e-25,1200000000000000000
Re162,161.976002,-22.354,7.847,α107ms,4.26e-21,24099999999999998951424
Re160,159.982115,-16.66,7.809,p820µs,3.86e-19,3100000000000000109051904
Re161,160.977589119,-20.875601,7.836532,p370µs,1.23e-18,7009999999999999576375296
Re163,162.972080535,-26.006814,7.870893,β+390ms,1.17e-21,6560000000000000000000
Re164,163.970323,-27.644,7.882,α-ms,-,-
Re165,164.967088557,-30.656812,7.901504,β+1s,5e-22,4000000000000000000000
Re164,163.970323,-27.644,7.882,α-s,-,-
Re166,165.965808,-31.85,7.91,β+2s,2e-22,1000000000000000000000
Re167,166.962601,-34.837,7.929,α5.9s,5.4e-23,420000000000000000000
Re168,167.961572608,-35.794885,7.93512,β+4.4s,9.9e-23,570000000000000000000
Re169,168.958791096,-38.385847,7.951257,β+8.0s,5.7e-23,300000000000000000000
Re170,169.958220071,-38.917754,7.955092,β+9.2s,5e-23,270000000000000000000
Re171,170.955716,-41.250281,7.969412,β+15.2s,3e-23,161000000000000000000
Re172,171.955422961,-41.523244,7.971592,β+15s,3e-23,160000000000000000000
Re173,172.953243,-43.553865,7.983906,β+1.98min,2.66e-24,20300000000000000000
Re174,173.953115,-43.673097,7.985094,β+2.40min,2.2e-24,16700000000000000000
Re175,174.951381,-45.288307,7.994816,β+5.88min,1.29e-24,6750000000000000000
Re176,175.951623,-45.062886,7.99397,β+5.33min,1.4e-24,7440000000000000000
Re177,176.950328,-46.26917,8.001222,β+14.0min,5.4e-25,2800000000000000000
Re178,177.950989,-45.653453,7.998157,β+13.2min,5.76e-25,2969000000000000000
Re179,178.949987641,-46.586212,8.003776,β+19.50min,3.9e-25,1991000000000000000
Re180,179.950789084,-45.839673,8.000004,β+2.43min,2.16e-24,15800000000000000000
Re181,180.950067916,-46.511436,8.00411,β+19.9h,6.37e-27,32300000000000000
Re182,181.95121008,-45.447518,7.998633,β+2.7d,2e-27,10000000000000000
Re183,182.950819841,-45.811023,8.001017,e69d,7.5e-29,380000000000000
Re184,183.952520756,-44.226631,7.992788,β+38d,1.4e-28,700000000000000
Re185,184.952954982,-43.822152,7.991026,S,0,0
Re186,185.954986084,-41.930192,7.981286,β-3.7186d,9.8421e-28,6986800000000000
Re187,186.955753109,-41.215714,7.977947,β-4.1e10y,3.51e-40,1710
Re188,187.958114438,-39.01615,7.966743,β-17.003h,5.166e-27,36282000000000000
Re189,188.959229007,-37.977935,7.961804,β-1.01d,5.22e-27,25300000000000000
Re190,189.961817977,-35.566326,7.949687,β-3.2min,1.7e-24,12000000000000000000
Re191,190.963125242,-34.348616,7.943949,β-9.83min,7.7e-25,3710000000000000000
Re192,191.96596,-31.708,7.931,β-16s,2.9e-23,140000000000000000000
Re193,192.96747,-30.302,7.924,β-30s,1.5e-23,73000000000000000000
Re194,193.97042,-27.554,7.911,β-300ns,1.05e-15,7169999999999999487791595520
Os162,161.984431,-14.503,7.794,α2.1ms,1.5e-19,1200000000000000033554432
Os163,162.98269,-16.124,7.805,α5.5ms,8.3e-20,469999999999999970639872
Os164,163.978035649,-20.459661,7.83352,α21ms,2.2e-20,120000000000000000000000
Os165,164.976762,-21.646,7.842,α71ms,6.4e-21,36999999999999997902848
Os166,165.972690753,-25.4384,7.866378,α199ms,1.59e-21,12600000000000000000000
Os167,166.971547969,-26.502896,7.873979,α810ms,5.63e-22,3080000000000000000000
Os168,167.967803678,-29.99068,7.895914,β+2.1s,1.5e-22,1200000000000000000000
Os169,168.96701927,-30.721352,7.901276,β+3.43s,9.22e-23,720000000000000000000
Os170,169.963577028,-33.92778,7.921137,β+7.37s,4.29e-23,333000000000000000000
Os171,170.963184819,-34.29312,7.924152,β+8.2s,5.5e-23,290000000000000000000
Os172,171.960023303,-37.238053,7.942129,β+19.2s,2.38e-23,126000000000000000000
Os173,172.959808409,-37.438225,7.944033,β+22.4s,2.04e-23,108000000000000000000
Os174,173.957062202,-39.996301,7.959466,β+44s,1e-23,55000000000000000000
Os175,174.956945835,-40.104697,7.960725,β+1.4min,5.4e-24,28700000000000000000
Os176,175.954806,-42.09794,7.972678,β+3.7min,1.5e-24,11000000000000000000
Os177,176.954965324,-41.94953,7.972397,β+3.00min,2.5e-24,13100000000000000000
Os178,177.953251241,-43.546189,7.981923,β+5.0min,1.5e-24,7870000000000000000
Os179,178.953816017,-43.020103,7.979483,β+6.50min,1.2e-24,6010000000000000000
Os180,179.952378803,-44.358859,7.987431,β+21.50min,3.54e-25,1799000000000000000
Os181,180.953244,-43.552934,7.983442,β+1.8h,7.24e-26,366100000000000000
Os182,181.952110186,-44.609074,7.989728,e22.1h,5.73e-27,28800000000000000
Os183,182.953126102,-43.662754,7.985002,β+13h,9.7e-27,48000000000000000
Os184,183.952489071,-44.256145,7.988696,α5.7e13y,1.8e-43,1.3
Os185,184.954042265,-42.809355,7.981323,e93.6d,5.64e-29,278000000000000
Os186,185.953838158,-42.999479,7.982829,α2.0e15y,7.2e-45,0.036
Os187,186.955750458,-41.218183,7.973776,S,0,0
Os188,187.955838228,-41.136426,7.97386,S,0,0
Os190,189.958447048,-38.706326,7.962096,S,0,0
Os191,190.960929718,-36.393733,7.95056,β-15.4d,3.43e-28,1640000000000000
Os192,191.96148069,-35.880506,7.948516,S,0,0
Os193,192.964151563,-33.392604,7.936261,β-1.255d,4.209e-27,19950000000000000
Os194,193.965182083,-32.432681,7.93201,β-6.0y,2.4e-30,11000000000000
Os195,194.968126661,-29.689824,7.918658,β-8min,6e-25,4000000000000000000
Os196,195.969639333,-28.280779,7.912248,β-34.83min,2.18e-25,1018000000000000000
Ir164,163.992201,-7.265,7.748,p1ms,5e-19,3999999999999999932891136
Ir165,164.98752,-11.625,7.777,p1µs,5e-16,4000000000000000053150220288
Ir166,165.985824,-13.205,7.788,α10.5ms,4.35e-20,240000000000000000000000
Ir167,166.981665156,-17.078797,7.812863,α35.2ms,1.3e-20,71000000000000002097152
Ir168,167.979881,-18.741,7.824,α161.0µs,1.964e-18,15430000000000000541065216
Ir169,168.976294942,-22.081119,7.845521,α353.0ms,8.958e-22,6998000000000000524288
Ir170,169.974965,-23.32,7.854,β+870ms,3.63e-22,2820000000000000000000
Ir171,170.971626042,-26.430172,7.873595,α3.2s,9.9e-23,760000000000000000000
Ir172,171.970456,-27.52,7.881,β+4.4s,9.9e-23,560000000000000000000
Ir173,172.967501739,-30.271935,7.898087,β+8.9s,5.1e-23,270000000000000000000
Ir175,174.964112895,-33.428622,7.918105,β+8.9s,5.1e-23,260000000000000000000
Ir174,173.966861045,-30.868738,7.902513,β+7.9s,5.8e-23,310000000000000000000
Ir176,175.963648688,-33.861029,7.921433,β+8.7s,3.6e-23,270000000000000000000
Ir177,176.9613015,-36.047421,7.934632,β+30s,1.5e-23,79000000000000000000
Ir178,177.961082,-36.251884,7.936549,β+12s,3.8e-23,200000000000000000000
Ir179,178.959122266,-38.077364,7.9475,β+1.3min,5.8e-24,30600000000000000000
Ir180,179.959229446,-37.977526,7.947633,β+1.5min,5.1e-24,25700000000000000000
Ir181,180.957625297,-39.471782,7.956572,β+4.90min,1.08e-24,7850000000000000000
Ir182,181.958076296,-39.051679,7.954894,β+15min,5.1e-25,2500000000000000000
Ir183,182.956846458,-40.197266,7.96179,β+57min,9.2e-26,670000000000000000
Ir184,183.957476,-39.610851,7.959198,β+3.08h,4.1e-26,200000000000000000
Ir185,184.956698,-40.335554,7.963722,β+14.4h,8.8e-27,43500000000000000
Ir186,185.957946104,-39.172952,7.95805,β+16.6h,7.616e-27,37473000000000000
Ir187,186.957363361,-39.715774,7.961558,β+10.5h,1.21e-26,59100000000000000
Ir188,187.958853121,-38.328071,7.954761,β+1.72d,2.12e-27,14900000000000000
Ir189,188.958718935,-38.453064,7.956039,e13.2d,4e-28,1930000000000000
Ir190,189.960545968,-36.751194,7.947688,β+11.78d,4.483e-28,2160000000000000
Ir191,190.960594046,-36.706409,7.948101,S,0,0
Ir192,191.962605012,-34.833207,7.938986,β-73.828d,7.1526e-29,340900000000000
Ir193,192.96292643,-34.533808,7.938121,S,0,0
Ir194,193.965078378,-32.529281,7.928475,β-19.281h,6.573e-27,31020000000000000
Ir195,194.965979573,-31.689824,7.924902,β-2.5h,5.1e-26,240000000000000000
Ir196,195.968396542,-29.438431,7.914163,β-52s,8.8e-24,41000000000000000000
Ir197,196.969653285,-28.267783,7.909018,β-5.83min,1.3e-24,6100000000000000000
Ir198,197.97228,-25.821,7.897,β-8.0s,5.7e-23,250000000000000000000
Ir199,198.973804583,-24.400873,7.891218,β-6s,5e-23,300000000000000000000
Pt166,165.994855,-4.792,7.733,α300µs,1.52e-18,8380000000000000041943040
Pt167,166.992979,-6.54,7.745,α900µs,3.5e-19,2800000000000000167772160
Pt168,167.988150742,-11.037512,7.773784,α2.1ms,1.5e-19,1200000000000000033554432
Pt169,168.986715,-12.375,7.783,α7.0ms,4.5e-20,350000000000000020971520
Pt170,169.982495289,-16.305533,7.808273,α13.8ms,3.31e-20,178000000000000012582912
Pt171,170.981244542,-17.470596,7.816624,α51ms,6.2e-21,48000000000000000000000
Pt172,171.977347128,-21.101014,7.839212,α96.00ms,3.294e-21,25280000000000000000000
Pt173,172.976444754,-21.94157,7.845413,α382ms,8.28e-22,6320000000000000000000
Pt174,173.972818767,-25.319155,7.866122,α889ms,5.13e-22,2700000000000000000000
Pt175,174.972420552,-25.69009,7.869415,α2.53s,1.25e-22,943000000000000000000
Pt176,175.968944622,-28.927898,7.888958,β+6.33s,7.21e-23,375000000000000000000
Pt177,176.968469481,-29.370489,7.892489,β+10.6s,4.3e-23,222000000000000000000
Pt178,177.965648724,-31.998007,7.908255,β+21.1s,2.16e-23,111000000000000000000
Pt179,178.965363404,-32.263781,7.910651,β+21.2s,2.15e-23,110000000000000000000
Pt180,179.963031477,-34.435958,7.923611,β+56s,5.6e-24,41000000000000000000
Pt181,180.963097285,-34.374658,7.924088,β+52s,8.8e-24,44000000000000000000
Pt182,181.961170656,-36.169301,7.934758,β+3.0min,1.8e-24,13000000000000000000
Pt183,182.961596703,-35.772441,7.933336,β+6.50min,1.2e-24,5880000000000000000
Pt184,183.959922251,-37.332183,7.942562,β+17.33min,4.4e-25,2200000000000000000
Pt185,184.960619,-36.683166,7.93975,β+1.181h,1.07e-25,530300000000000000
Pt186,185.959350813,-37.864474,7.946809,β+2.081h,6.09e-26,300000000000000000
Pt187,186.960587,-36.712973,7.941317,β+2.350h,5.39e-26,264000000000000000
Pt188,187.959395391,-37.82295,7.947912,e10.2d,5.18e-28,2520000000000000
Pt189,188.960833686,-36.483186,7.941477,β+10.869h,1.166e-26,56447000000000000
Pt190,189.959931655,-37.323422,7.946582,α6.50e11y,2.22e-41,107
Pt191,190.961676661,-35.69796,7.938725,e2.84d,1.29e-27,8940000000000000
Pt192,191.961038005,-36.292864,7.942514,S,0,0
Pt193,192.962987401,-34.477014,7.933773,e51y,2.9e-31,1400000000000
Pt194,193.962680253,-34.763121,7.935957,S,0,0
Pt195,194.964791134,-32.796847,7.926567,S,0,0
Pt196,195.964951521,-32.647448,7.926544,S,0,0
Pt197,196.967340182,-30.422425,7.915984,β-19.8915h,6.3712e-27,29594000000000000
Pt198,197.96789279,-29.907673,7.914169,S,0,0
Pt199,198.970593094,-27.392356,7.902319,β-30.80min,1.711e-25,1135000000000000000
Pt200,199.971440677,-26.602838,7.899216,β-13h,1.01e-26,46400000000000000
Pt201,200.974512868,-23.741111,7.885835,β-2.50min,3e-24,13600000000000000000
Pt202,201.97574,-22.598,7.881,β-1.9d,2.9e-27,13000000000000000
Au169,168.99808,-1.788,7.716,α150µs,3.04e-18,16500000000000000528482304
Au170,169.996122,-3.612,7.729,p286µs,1.11e-18,8589999999999999517655040
Au171,170.991878881,-7.564773,7.754121,p17µs,1.9e-17,139999999999999999798673408
Au172,171.990035,-9.282,7.766,α6.3ms,5e-20,390000000000000004194304
Au173,172.98623738,-12.819798,7.788163,α25ms,1.8e-20,97000000000000006291456
Au174,173.984761,-14.195,7.798,α139ms,3.28e-21,17200000000000000000000
Au175,174.981274107,-17.443057,7.817818,α100ms,4.56e-21,23900000000000001048576
Au176,175.980099,-18.537,7.825,α1.08s,4.22e-22,2190000000000000000000
Au179,178.973212812,-24.952104,7.865433,β+3.3s,9.6e-23,710000000000000000000
Au180,179.972521124,-25.596408,7.870156,β+8.0s,5.7e-23,280000000000000000000
Au178,177.97603192,-22.326122,7.849524,β+2.6s,1.8e-22,890000000000000000000
Au177,176.976864908,-21.550199,7.843887,α1.46s,3.12e-22,1610000000000000000000
Au181,180.970079048,-27.871187,7.883835,β+13.7s,3.33e-23,168000000000000000000
Au182,181.969617874,-28.300768,7.887226,β+15.6s,2.03e-23,147000000000000000000
Au183,182.967593034,-30.186894,7.898538,β+42.8s,1.07e-23,53300000000000000000
Au184,183.967451524,-30.31871,7.900194,β+20.6s,2.21e-23,110000000000000000000
Au185,184.965789411,-31.866958,7.909488,β+4.25min,1.79e-24,8850000000000000000
Au186,185.965952703,-31.714853,7.90954,β+10.7min,7.11e-25,3500000000000000000
Au187,186.964567541,-33.005122,7.917305,β+8.3min,9.1e-25,4410000000000000000
Au188,187.965323661,-32.300802,7.914378,β+8.83min,8.6e-25,4190000000000000000
Au189,188.963948286,-33.581955,7.921987,β+28.67min,2.65e-25,1285000000000000000
Au190,189.964700339,-32.881422,7.919086,β+42.83min,1.78e-25,860000000000000000
Au191,190.963704225,-33.809297,7.924741,β+3.17h,2.76e-26,191000000000000000
Au192,191.964812953,-32.776523,7.920125,β+4.94h,2.57e-26,122000000000000000
Au193,192.964149715,-33.394325,7.92411,β+17.650h,7.18e-27,34045000000000000
Au194,193.96536525,-32.262062,7.919032,β+1.584d,3.333e-27,15720000000000000
Au195,194.96503464,-32.570023,7.921392,e186.1d,2.837e-29,133000000000000
Au196,195.966569813,-31.140018,7.914861,β+6.16690d,8.5627e-28,3998000000000000
Au197,196.966568662,-31.141091,7.915661,S,0,0
Au198,197.968242303,-29.582104,7.908573,β-2.69517d,1.9593e-27,9054800000000000
Au199,198.968765193,-29.095035,7.906943,β-3.139d,1.682e-27,7735000000000000
Au200,199.970725647,-27.268884,7.898635,β-48min,1.57e-25,718700000000000000
Au201,200.97165724,-26.401111,7.895176,β-26.0min,2.03e-25,1330000000000000000
Au202,201.973805838,-24.399705,7.88614,β-28.4s,1.11e-23,72800000000000000000
Au203,202.975154542,-23.143394,7.880864,β-1.0min,5.3e-24,34000000000000000000
Au204,203.977724,-20.75,7.87,β-39.8s,1.15e-23,51400000000000000000
Au205,204.97987,-18.751,7.861,β-31s,1.5e-23,65000000000000000000
Hg171,171.00376,3.502,7.685,α59µs,5.4e-18,40999999999999996627779584
Hg172,171.998832686,-1.087345,7.713757,α290µs,1.09e-18,8369999999999999811256320
Hg173,172.997242,-2.569,7.724,α600µs,5.3e-19,3999999999999999932891136
Hg174,173.992863695,-6.647425,7.749821,α2.1ms,1.5e-19,1100000000000000008388608
Hg175,174.99142327,-7.989172,7.759325,α10.8ms,4.22e-20,220999999999999997902848
Hg176,175.98735458,-11.779132,7.782632,α20.3ms,1.56e-20,116999999999999997902848
Hg177,176.986279158,-12.780882,7.789922,α127.3ms,3.584e-21,18520000000000000000000
Hg178,177.982483143,-16.316846,7.811368,α269ms,1.7e-21,8720000000000000000000
Hg179,178.981833861,-16.921649,7.816199,α1.08s,2.93e-22,2160000000000000000000
Hg180,179.978266394,-20.244723,7.836078,β+2.58s,1.23e-22,899000000000000000000
Hg181,180.977819311,-20.661178,7.839679,β+3.6s,1.3e-22,640000000000000000000
Hg182,181.974689964,-23.576146,7.856968,β+10.83s,4.213e-23,211900000000000000000
Hg183,182.974449841,-23.799819,7.859361,β+9.5s,4.9e-23,240000000000000000000
Hg184,183.971713051,-26.349123,7.874368,β+30.9s,1.02e-23,73400000000000000000
Hg185,184.971899086,-26.175833,7.874496,β+49.1s,9.29e-24,46000000000000000000
Hg186,185.96936179,-28.539309,7.888261,β+1.38min,5.51e-24,27200000000000000000
Hg187,186.969814236,-28.117858,7.886986,β+2.3min,2.2e-24,16000000000000000000
Hg188,187.967577049,-30.201784,7.899051,β+3.25min,2.34e-24,11400000000000000000
Hg189,188.968190034,-29.630792,7.896942,β+7.67min,1e-24,4830000000000000000
Hg190,189.966322449,-31.370436,7.907016,e20min,3.8e-25,1900000000000000000
Hg191,190.967157105,-30.59296,7.903805,β+48min,1.6e-25,750000000000000000
Hg192,191.965634327,-32.011418,7.912065,e4.86h,2.61e-26,124000000000000000
Hg193,192.966665421,-31.050961,7.907914,β+3.81h,2.31e-26,158000000000000000
Hg195,194.966720113,-31.000015,7.909329,β+10.531h,1.204e-26,56478000000000000
Hg196,195.965832649,-31.826683,7.914373,S,0,0
Hg197,196.967212908,-30.540979,7.908643,e2.672d,1.369e-27,9178000000000000
Hg198,197.966769032,-30.954447,7.911553,S,0,0
Hg194,193.965439409,-32.192983,7.914643,e444y,2.26e-32,154000000000
Hg199,198.968279932,-29.547053,7.905284,S,0,0
Hg200,199.968326004,-29.504137,7.905899,S,0,0
Hg201,200.970302268,-27.663259,7.897564,S,0,0
Hg202,201.970643011,-27.345859,7.896852,S,0,0
Hg203,202.972872484,-25.269119,7.887482,β-46.594d,7.8548e-29,510850000000000
Hg204,203.973493933,-24.690242,7.885545,S,0,0
Hg205,204.976073386,-22.287497,7.874731,β-5.13min,1.03e-24,6600000000000000000
Hg206,205.977514066,-20.945512,7.86917,β-8.32min,6.33e-25,4060000000000000000
Hg207,206.982588545,-16.218666,7.847312,β-2.8min,1.8e-24,12000000000000000000
Hg208,207.98594,-13.097,7.833,β-42min,1.8e-25,800000000000000000
Hg209,208.99104,-8.346,7.812,β-35s,9e-24,57000000000000000000
Hg210,209.99451,-5.114,7.798,β-10min,7.6e-25,3300000000000000000
Tl176,176.00059,0.55,7.708,α10ms,4.6e-20,240000000000000000000000
Tl177,176.996427286,-3.327962,7.732096,α18ms,2.5e-20,129999999999999995805696
Tl178,177.994897,-4.754,7.742,α60ms,5.3e-21,39000000000000002097152
Tl179,178.991089082,-8.300467,7.763666,α420ms,7.53e-22,5550000000000000524288
Tl180,179.989906,-9.403,7.771,β+1.5s,3e-22,1500000000000000000000
Tl181,180.986257447,-12.801105,7.791931,α1.4ms,2.3e-19,1599999999999999865782272
Tl182,181.985667104,-13.351007,7.796487,β+3.1s,1e-22,740000000000000000000
Tl183,182.982192802,-16.587297,7.815674,β+6.9s,6.7e-23,330000000000000000000
Tl184,183.981873122,-16.885078,7.818681,β+11s,2.9e-23,210000000000000000000
Tl185,184.978791305,-19.755772,7.835564,β+19.5s,2.34e-23,116000000000000000000
Tl186,185.978325,-20.190133,7.839167,β+40s,1.1e-23,56000000000000000000
Tl187,186.975905897,-22.443512,7.852458,β+51s,8.8e-24,44000000000000000000
Tl188,187.976009782,-22.346744,7.853108,β+1.2min,6.4e-24,32000000000000000000
Tl189,188.973588428,-24.602221,7.866196,β+2.33min,3.3e-24,16000000000000000000
Tl190,189.973877149,-24.333279,7.86586,β+2.67min,2.9e-24,13800000000000000000
Tl191,190.971786154,-26.281028,7.877134,β+20min,3.8e-25,1900000000000000000
Tl192,191.972225,-25.872246,7.876016,β+9.67min,7.9e-25,3780000000000000000
Tl193,192.970672,-27.318856,7.884523,β+22min,3.52e-25,1669000000000000000
Tl194,193.9712,-26.827027,7.882951,β+33min,2.3e-25,1100000000000000000
Tl195,194.969774335,-28.155026,7.890727,β+1.161h,1.09e-25,513100000000000000
Tl196,195.970481151,-27.496631,7.888289,β+1.839h,6.89e-26,321400000000000000
Tl197,196.969574511,-28.34116,7.893505,β+2.83h,4.46e-26,207000000000000000
Tl198,197.970483495,-27.494447,7.890127,β+5.3h,2.4e-26,110000000000000000
Tl199,198.969877,-28.059394,7.893876,β+7.42h,1.71e-26,78600000000000000
Tl200,199.970962672,-27.048096,7.889707,β+1.1d,4.86e-27,22100000000000000
Tl201,200.970818891,-27.182028,7.891277,e3.0421d,1.2031e-27,7902300000000000
Tl202,201.972105808,-25.983272,7.886234,β+12.31d,2.973e-28,1943000000000000
Tl203,202.97234422,-25.761192,7.886052,S,0,0
Tl204,203.973863522,-24.345972,7.880022,β-3.77y,3.82e-30,17200000000000
Tl205,204.974427541,-23.820592,7.878393,S,0,0
Tl206,205.97611032,-22.253094,7.87172,β-4.202min,1.254e-24,8038000000000000000
Tl207,206.977419429,-21.033666,7.866793,β-4.77min,1.59e-24,7040000000000000000
Tl208,207.9820187,-16.749473,7.84718,β-3.053min,2.491e-24,10960000000000000000
Tl209,208.985358952,-13.638048,7.833365,β-2.20min,2.4e-24,15100000000000000000
Tl210,209.990073689,-9.246298,7.813585,β-1.3min,5.8e-24,26100000000000000000
Tl211,210.993477,-6.076,7.8,β-1.0min,8e-24,32000000000000000000
Tl212,211.998228,-1.651,7.78,β-30s,1.5e-23,66000000000000000000
Pb178,178.003830191,3.5678,7.690866,α230µs,1.98e-18,10199999999999999077253120
Pb179,179.00215,2.003,7.702,α3ms,2e-19,799999999999999932891136
Pb180,179.997918173,-1.939209,7.725688,α4.5ms,7e-20,519999999999999983222784
Pb181,180.996623958,-3.144762,7.734258,α45ms,1e-20,51000000000000002097152
Pb182,181.992671842,-6.826135,7.756338,α55ms,5.7e-21,41999999999999995805696
Pb183,182.991874629,-7.568734,7.762117,α535ms,8.53e-22,4260000000000000000000
Pb184,183.988142339,-11.045339,7.782692,α490ms,9.31e-22,4630000000000000000000
Pb185,184.987609944,-11.541263,7.786932,α6.3s,7.2e-23,360000000000000000000
Pb186,185.984238945,-14.681328,7.805343,β+4.82s,9.47e-23,466000000000000000000
Pb187,186.98391837,-14.979941,7.808363,β+15.2s,3e-23,147000000000000000000
Pb188,187.980874338,-17.815439,7.824844,β+25.1s,1.26e-23,88500000000000000000
Pb189,188.980807,-17.878165,7.82648,β+51s,8.8e-24,43000000000000000000
Pb190,189.978081517,-20.416935,7.84113,β+1.2min,6.4e-24,32000000000000000000
Pb191,190.978265,-20.246022,7.841441,β+1.33min,5.72e-24,27400000000000000000
Pb192,191.975785171,-22.555968,7.854669,β+3.50min,2.2e-24,10000000000000000000
Pb193,192.976173234,-22.19449,7.853918,β+5.0min,2e-24,7800000000000000000
Pb194,193.97401207,-24.2076,7.865416,β+10.7min,4.93e-25,3350000000000000000
Pb195,194.97454205,-23.713927,7.86394,β+15min,5.1e-25,2400000000000000000
Pb196,195.972774109,-25.360754,7.8734,β+37min,2.1e-25,960000000000000000
Pb197,196.973431124,-24.748749,7.871298,β+8.00min,9.5e-25,4430000000000000000
Pb198,197.972033959,-26.050199,7.878882,β+2.4h,5.3e-26,250000000000000000
Pb199,198.97291665,-25.227978,7.875717,β+1.5h,8.4e-26,390000000000000000
Pb200,199.971826675,-26.243283,7.881771,e21.5h,5.89e-27,26900000000000000
Pb201,200.972884511,-25.257915,7.877812,β+9.33h,1.36e-26,61800000000000000
Pb202,201.972159133,-25.9336,7.882115,e52600y,1.91e-34,1250000000
Pb203,202.973390521,-24.78657,7.877397,e2.163d,1.692e-27,11000000000000000
Pb204,203.973043589,-25.109735,7.879931,α1.4e17y,7.2e-47,0.00046
Pb205,204.974481755,-23.770091,7.87433,e1.73e7y,5.8e-37,3730000
Pb206,205.974465278,-23.78544,7.875361,S,0,0
Pb207,206.975896887,-22.451905,7.869865,S,0,0
Pb208,207.976652071,-21.748455,7.867452,S,0,0
Pb209,208.98109012,-17.61444,7.848647,β-3.2528h,3.896e-26,171000000000000000
Pb210,209.984188527,-14.728292,7.835964,β-22.2y,6.51e-31,2840000000000
Pb211,210.988736964,-10.49145,7.817,β-36.17min,2.11e-25,914800000000000000
Pb212,211.991897543,-7.547389,7.804312,β-10.6h,1.191e-26,51407000000000000
Pb213,212.996581499,-3.184313,7.785082,β-10.2min,7.45e-25,3200000000000000000
Pb214,213.999805408,-0.181261,7.772386,β-26.83min,2.84e-25,1213000000000000000
Pb215,215.004807,4.477,7.752,β-36s,1.3e-23,54000000000000000000
Bi184,184.001124,1.047,7.713,α6.6ms,7e-20,339999999999999991611392
Bi185,184.997625,-2.213,7.732,p58µs,5.5e-18,39000000000000002030043136
Bi186,185.996597625,-3.169291,7.739245,α15.0ms,2.11e-20,150000000000000004194304
Bi187,186.993157835,-6.373435,7.758155,α32ms,1.4e-20,70000000000000004194304
Bi188,187.992265154,-7.204962,7.764244,α44ms,1e-20,51000000000000002097152
Bi189,188.989199012,-10.061055,7.78098,β+674ms,6.77e-22,3280000000000000000000
Bi190,189.988295129,-10.903017,7.786939,α6.3s,7.2e-23,350000000000000000000
Bi191,190.985786119,-13.240145,7.800665,α12.4s,2.55e-23,176000000000000000000
Bi192,191.985457954,-13.545828,7.803666,β+34.6s,1.32e-23,62900000000000000000
Bi193,192.982959771,-15.872871,7.81711,β+1.06min,4.97e-24,34000000000000000000
Bi194,193.98283396,-15.990063,7.819025,β+1.6min,4.8e-24,22200000000000000000
Bi195,194.980650737,-18.023722,7.830748,β+3.05min,2.49e-24,11700000000000000000
Bi196,195.980666509,-18.009031,7.8319,β+5.13min,1.03e-24,6920000000000000000
Bi197,196.978864454,-19.687634,7.841636,β+9.33min,8.1e-25,3770000000000000000
Bi198,197.979206,-19.369486,7.841189,β+10.3min,7.38e-25,3410000000000000000
Bi199,198.977671961,-20.798434,7.849526,β+27min,2.8e-25,1300000000000000000
Bi200,199.978131829,-20.37007,7.848494,β+36.33min,2.09e-25,956000000000000000
Bi201,200.977009036,-21.415944,7.854806,β+1.72h,5.12e-26,336000000000000000
Bi202,201.977742324,-20.732892,7.852496,β+1.71h,5.14e-26,336000000000000000
Bi203,202.976876001,-21.539866,7.857549,β+11.761h,1.078e-26,48574000000000000
Bi204,203.977812736,-20.667303,7.85432,β+11.219h,1.13e-26,50667000000000000
Bi205,204.977389366,-21.06167,7.857302,β+15.31d,3.449e-28,1540000000000000
Bi206,205.97849913,-20.027931,7.853323,β+6.243d,8.458e-28,3757000000000000
Bi207,206.978470679,-20.054433,7.854504,β+33.0y,4.39e-31,1900000000000
Bi208,207.979742196,-18.870022,7.849852,β+368000y,3.93e-35,172000000
Bi209,208.980398734,-18.258461,7.847985,α1.90e19y,0,3.34e-06
Bi210,209.984120371,-14.791778,7.832541,β-5.01d,1.054e-27,4591000000000000
Bi211,210.98726946,-11.858421,7.81977,α2.13min,2.46e-24,15400000000000000000
Bi212,211.991285724,-8.117295,7.80331,β-1.009h,1.256e-25,542000000000000000
Bi213,212.994384666,-5.230649,7.791016,β-45.58min,1.668e-25,716500000000000000
Bi214,213.998711539,-1.200193,7.773492,β-19.8min,2.65e-25,1630000000000000000
Bi215,215.001769776,1.648537,7.761627,β-7.67min,1e-24,4240000000000000000
Bi216,216.006305943,5.873948,7.743499,β-2.25min,2.34e-24,14300000000000000000
Bi217,217.00947,8.821,7.731,β-1.6min,4.7e-24,19800000000000000000
Bi218,218.014316,13.335,7.712,β-33s,1.4e-23,58000000000000000000
Bi219,-,-,-,???-s,-,-
Po188,187.999422048,-0.538359,7.724622,α400µs,7.91e-19,5550000000000000255852544
Po189,188.998480562,-1.415347,7.731096,α3.5ms,9e-20,630000000000000037748736
Po190,189.995101185,-4.563217,7.749454,α2.46ms,1.85e-19,893000000000000065011712
Po191,190.994574485,-5.053834,7.753708,α22ms,2.1e-20,99000000000000002097152
Po192,191.991335149,-8.071257,7.771078,α33.2ms,9.52e-21,65500000000000001048576
Po193,192.991025275,-8.359902,7.774129,α420ms,1.09e-21,5150000000000000524288
Po194,193.988185606,-11.005037,7.789296,α392ms,1.16e-21,5480000000000000000000
Po195,194.988110728,-11.074785,7.7911,α4.64s,9.83e-23,462000000000000000000
Po196,195.98553458,-13.474451,7.804773,α5.8s,5.5e-23,370000000000000000000
Po197,196.98565963,-13.357968,7.805535,β+1.4min,3.8e-24,25000000000000000000
Po198,197.983388616,-15.473405,7.817561,α1.77min,4.3e-24,19900000000000000000
Po199,198.983666063,-15.214964,7.817537,β+5.48min,1.39e-24,6380000000000000000
Po200,199.981798604,-16.954491,7.827504,β+11.5min,6.61e-25,3030000000000000000
Po201,200.982259764,-16.524923,7.82658,β+15.6min,3.38e-25,2220000000000000000
Po202,201.980757541,-17.924235,7.834719,β+44.67min,1.7e-25,770400000000000000
Po203,202.981420103,-17.307062,7.832844,β+37min,2.07e-25,933000000000000000
Po204,203.980318121,-18.333551,7.839045,β+3.53h,3.59e-26,161000000000000000
Po205,204.981203322,-17.508993,7.836156,β+1.74h,5.05e-26,325000000000000000
Po206,205.980481099,-18.181739,7.840563,β+8.8d,6e-28,2700000000000000
Po207,206.981593173,-17.145849,7.836673,β+5.8h,2.2e-26,97000000000000000
Po208,207.981245702,-17.469516,7.839357,α2.896y,3.46e-30,21960000000000
Po209,208.982430435,-16.365944,7.835187,α102y,1.42e-31,621000000000
Po210,209.982873673,-15.953071,7.834345,α138.376d,3.8161e-29,166270000000000
Po211,210.986653154,-12.432507,7.818783,α515ms,8.84e-22,3840000000000000000000
Po212,211.988867969,-10.36942,7.810243,α299ns,1.53e-15,6589999999999999903396790272
Po213,212.99285728,-6.6534,7.794023,α3.72µs,8.5e-17,527000000000000006727663616
Po214,213.99520135,-4.469913,7.785115,α164.3µs,2.777e-18,11870000000000000020971520
Po215,214.999419988,-0.540277,7.768169,α1.781ms,2.562e-19,1090000000000000046137344
Po216,216.001915035,1.783844,7.758813,α145ms,3.15e-21,13299999999999998951424
Po217,217.006334796,5.900825,7.741281,α1.53s,2.07e-22,1260000000000000000000
Po218,218.008973037,8.358331,7.731521,α3.098min,1.701e-24,10300000000000000000
Po219,219.013744,12.802,7.713,β-300ns,1.05e-15,6349999999999999658315218944
Po220,220.016602,15.465,7.702,β-300ns,1.05e-15,6319999999999999490241069056
At193,192.999843112,-0.14614,7.727518,α28ms,1.1e-20,76999999999999997902848
At194,193.998725085,-1.187575,7.734658,α40ms,1.1e-20,54000000000000004194304
At195,194.996268098,-3.476244,7.748121,α328ms,1.39e-21,6529999999999999475712
At196,195.995788077,-3.92338,7.752051,α388.0ms,8.15e-22,5488999999999999737856
At197,196.993189215,-6.344205,7.76596,α388.0ms,8.15e-22,5460999999999999737856
At198,197.992837202,-6.672103,7.769159,α4.2s,1.1e-22,500000000000000000000
At199,198.990532254,-8.819148,7.781466,α7.03s,4.5e-23,298000000000000000000
At200,199.990351264,-8.987739,7.783758,α43.2s,1.06e-23,48300000000000000000
At201,200.988416999,-10.789496,7.794153,α1.4min,5.4e-24,25000000000000000000
At202,201.988630236,-10.590867,7.794542,β+3.07min,2.48e-24,11300000000000000000
At203,202.986941984,-12.163464,7.803652,β+7.33min,1e-24,4640000000000000000
At204,203.987251326,-11.875313,7.803552,β+9.17min,8.3e-25,3700000000000000000
At205,204.986074483,-12.971536,7.810205,β+26.8min,1.96e-25,1260000000000000000
At206,205.986667036,-12.419576,7.808793,β+30.67min,2.48e-25,1103000000000000000
At207,206.985783502,-13.242582,7.814037,β+1.8h,7e-26,310000000000000000
At208,207.986589977,-12.491356,7.811663,β+1.631h,7.78e-26,341800000000000000
At209,208.986173143,-12.879634,7.814763,β+5.42h,2.34e-26,103000000000000000
At210,209.98714771,-11.97183,7.811662,β+8.1h,1.6e-26,68000000000000000
At211,210.987496271,-11.647148,7.811354,e7.2139h,1.757e-26,76175000000000000
At213,212.992936646,-6.579472,7.790003,α125ns,3.65e-15,15700000000000000730882637824
At214,213.996371733,-3.379708,7.776365,α558ns,8.18e-16,3500000000000000183945396224
At212,211.990744771,-8.62119,7.798306,α314ms,1.45e-21,6270000000000000524288
At215,214.99865257,-1.255123,7.767855,α100µs,4.56e-18,19500000000000001015021568
At216,216.002423257,2.25725,7.752999,α300µs,1.52e-18,6440000000000000385875968
At217,217.004718822,4.395555,7.744612,α32.3ms,1.41e-20,59599999999999995805696
At218,218.008694336,8.098722,7.729124,α1.5s,3e-22,1300000000000000000000
At219,219.011161691,10.397048,7.720191,α56s,8.1e-24,34000000000000000000
At220,220.015407682,14.352164,7.70381,β-3.72min,2.05e-24,8530000000000000000
At221,221.01805,16.813,7.694,β-2.33min,3.3e-24,14000000000000000000
At222,222.02233,20.8,7.678,β-54s,8.4e-24,35000000000000000000
At223,223.02519,23.464,7.668,β-50s,9e-24,38000000000000000000
Rn195,195.005437696,5.065181,7.700307,α6.0ms,7.6e-20,350000000000000020971520
Rn196,196.002115223,1.970318,7.71799,α4.4ms,7.2e-20,480000000000000000000000
Rn197,197.001584351,1.475814,7.722294,α66ms,6.9e-21,32000000000000000000000
Rn198,197.998678663,-1.230817,7.737726,α65ms,6.9e-21,32000000000000000000000
Rn199,198.998370297,-1.518058,7.740846,α590ms,5.36e-22,3560000000000000000000
Rn200,199.9956993,-4.006076,7.754938,α1.03s,4.43e-22,2020000000000000000000
Rn201,200.995628335,-4.072179,7.756841,α7.0s,6.5e-23,300000000000000000000
Rn202,201.993263492,-6.275017,7.769303,α9.8s,3.3e-23,210000000000000000000
Rn203,202.993386687,-6.160261,7.770226,α43.5s,1.05e-23,47200000000000000000
Rn204,203.99142874,-7.984077,7.780642,α1.17min,4.5e-24,29100000000000000000
Rn205,204.991718799,-7.713889,7.780742,β+2.83min,2.7e-24,12200000000000000000
Rn206,205.990214104,-9.115503,7.788956,α5.67min,1.34e-24,5950000000000000000
Rn207,206.990734225,-8.631014,7.78798,β+9.25min,8.22e-25,3630000000000000000
Rn208,207.98964247,-9.647976,7.794231,α24.35min,3.123e-25,1374000000000000000
Rn209,208.990414742,-8.92861,7.792115,β+28.50min,2.67e-25,1167000000000000000
Rn210,209.989696216,-9.597913,7.796632,α2.4h,5.3e-26,240000000000000000
Rn211,210.990600523,-8.755556,7.793941,β+14.6h,8.68e-27,37700000000000000
Rn212,211.990703529,-8.659606,7.794797,α23.8min,2.21e-25,1370000000000000000
Rn213,212.993882668,-5.698258,7.782192,α19.5ms,2.34e-20,100999999999999997902848
Rn214,213.995362554,-4.319753,7.777102,α270ns,1.69e-15,7220000000000000134419054592
Rn215,214.998745483,-1.168574,7.763814,α2.3µs,2e-16,849999999999999997550526464
Rn216,216.00027437,0.255574,7.758644,α45µs,1e-17,42999999999999999815450624
Rn217,217.003927675,3.658607,7.744403,α540µs,8.45e-19,3559999999999999983222784
Rn218,218.005601256,5.217537,7.738751,α35ms,1.3e-20,55000000000000002097152
Rn219,219.009480204,8.830754,7.723771,α3.96s,1.15e-22,482000000000000000000
Rn220,220.011393981,10.613426,7.717248,α55.6s,8.21e-24,34100000000000000000
Rn221,221.015536782,14.47242,7.701388,β-25min,3e-25,1200000000000000000
Rn222,222.017577738,16.373558,7.694491,α3.82350d,1.3811e-27,5691400000000000
Rn223,223.02179,20.297,7.679,β-24.33min,3.13e-25,1300000000000000000
Rn224,224.02409,22.44,7.671,β-1.783h,7.11e-26,290300000000000000
Rn225,225.02844,26.492,7.655,β-4.67min,1.63e-24,6640000000000000000
Rn226,226.03089,28.774,7.646,β-7.33min,1e-24,4160000000000000000
Rn227,227.035407,32.981,7.63,β-20.8s,2.19e-23,88000000000000000000
Rn228,228.037986,35.384,7.621,β-1.1min,7e-24,28000000000000000000
Fr199,199.007258147,6.760921,7.695312,α12ms,2.6e-20,169999999999999995805696
Fr200,200.00657249,6.122235,7.700385,α49ms,6.5e-21,43000000000000002097152
Fr201,201.003860867,3.596375,7.714797,α61ms,7.4e-21,34000000000000000000000
Fr202,202.003372847,3.141787,7.718812,α300ms,1.05e-21,6889999999999999475712
Fr203,203.000924647,0.861303,7.731783,α550ms,8.3e-22,3740000000000000000000
Fr204,204.000653204,0.608456,7.734687,α1.7s,2.7e-22,1200000000000000000000
Fr205,204.99859396,-1.309717,7.745686,α3.80s,8.31e-23,536000000000000000000
Fr206,205.998666066,-1.242551,7.74694,β+16s,2.9e-23,130000000000000000000
Fr207,206.996949414,-2.841602,7.756232,α14.8s,3.08e-23,136000000000000000000
Fr208,207.997138783,-2.665206,7.756899,α59.1s,7.72e-24,33900000000000000000
Fr209,208.995953555,-3.769239,7.763686,α50s,9e-24,40000000000000000000
Fr210,209.996407738,-3.34617,7.763136,α3.18min,2.39e-24,10400000000000000000
Fr211,210.995536544,-4.157682,7.768443,α3.10min,1.7e-24,10600000000000000000
Fr212,211.996202244,-3.537587,7.766946,β+20min,3.8e-25,1700000000000000000
Fr213,212.996189081,-3.549848,7.768433,α34.82s,9.081e-24,56280000000000000000
Fr214,213.998971145,-0.958372,7.757739,α5.0ms,9.1e-20,390000000000000004194304
Fr215,215.000341497,0.318103,7.75326,α87ns,5.3e-15,22999999999999998381468418048
Fr216,216.00319799,2.978909,7.742414,α700ns,6.52e-16,2760000000000000069659000832
Fr217,217.004631951,4.314635,7.737774,α19µs,1.7e-17,100000000000000004764729344
Fr218,218.007578322,7.059162,7.726715,α1.0ms,4.6e-19,1999999999999999966445568
Fr219,219.009252149,8.618322,7.721169,α20ms,2.3e-20,94999999999999993708544
Fr220,220.012327405,11.482904,7.70974,α27.4s,1.67e-23,69300000000000000000
Fr221,221.014254762,13.278226,7.703252,α4.83min,1.6e-24,6490000000000000000
Fr222,222.01755173,16.349332,7.691076,β-14.2min,5.35e-25,2205000000000000000
Fr223,223.019735857,18.383833,7.683658,β-22min,3.5e-25,1400000000000000000
Fr224,224.023249951,21.65719,7.670775,β-3.3min,2.28e-24,9330000000000000000
Fr225,225.025565414,23.814031,7.66297,β-3.95min,1.33e-24,7830000000000000000
Fr226,226.029386231,27.373099,7.649028,β-49s,9.3e-24,38000000000000000000
Fr227,227.031835938,29.654986,7.640836,β-2.47min,3.08e-24,12400000000000000000
Fr228,228.035729,33.282,7.627,β-38s,1.2e-23,48000000000000000000
Fr229,229.038450228,35.816157,7.617691,β-50.2s,9.09e-24,36300000000000000000
Fr230,230.04251,39.598,7.603,β-19.1s,2.39e-23,94800000000000000000
Fr231,231.04544,42.328,7.593,β-17.6s,2.59e-23,103000000000000000000
Fr232,232.049772,46.363,7.578,β-5.5s,5.8e-23,330000000000000000000
Ra202,202.009890686,9.213115,7.684883,α16ms,2e-20,129999999999999995805696
Ra203,203.009271619,8.636458,7.689628,α31ms,1e-20,65999999999999995805696
Ra204,204.006499668,6.054402,7.704156,α60ms,7.6e-21,34000000000000000000000
Ra205,205.00626857,5.839136,7.706997,α210ms,1.51e-21,9699999999999998951424
Ra206,206.00382727,3.565079,7.719805,α240ms,1.9e-21,8449999999999999475712
Ra207,207.003798105,3.537912,7.721634,α1.3s,3.5e-22,1500000000000000000000
Ra208,208.00183994,1.713894,7.732084,α1.3s,3.5e-22,1500000000000000000000
Ra209,209.001991373,1.854952,7.733033,α4.6s,9.9e-23,440000000000000000000
Ra210,210.000494978,0.461069,7.741281,α3.7s,1.2e-22,540000000000000000000
Ra211,211.000897987,0.83647,7.741066,α13s,3.5e-23,150000000000000000000
Ra212,211.999794499,-0.191422,7.747472,α13s,3.5e-23,150000000000000000000
Ra213,213.000383959,0.357656,7.746415,α2.73min,2.78e-24,11900000000000000000
Ra214,214.000107894,0.100503,7.749135,α2.46s,1.85e-22,793000000000000000000
Ra215,215.002719834,2.533509,7.739317,α1.55ms,2.94e-19,1250000000000000113246208
Ra216,216.003533035,3.291002,7.737347,α182ns,2.51e-15,10600000000000000745579479040
Ra217,217.006320327,5.887347,7.726921,α1.6µs,2e-16,1199999999999999988457275392
Ra218,218.00714023,6.651082,7.724998,α25.2µs,1.25e-17,76000000000000000872415232
Ra219,219.010085078,9.39419,7.714054,α10ms,4.6e-20,199999999999999983222784
Ra221,221.013917338,12.963917,7.701134,α28s,1.6e-23,68000000000000000000
Ra222,222.01537453,14.321283,7.696687,α38s,1.2e-23,49000000000000000000
Ra223,223.018502171,17.234662,7.685303,α11.43d,4.62e-28,1895000000000000
Ra220,220.011028384,10.272874,7.711684,α17.9ms,2.55e-20,105999999999999995805696
Ra224,224.020211821,18.82719,7.679917,α3.6319d,1.0077e-27,5938000000000000
Ra225,225.023611564,21.994031,7.667581,β-14.9d,3.54e-28,1440000000000000
Ra226,226.025409823,23.669099,7.661956,α1600y,9e-33,36000000000
Ra227,227.029177842,27.178986,7.648297,β-42.17min,1.8e-25,726700000000000000
Ra228,228.031070292,28.941792,7.642421,β-5.74y,2.51e-30,10100000000000
Ra229,229.034957577,32.562774,7.628482,β-4.00min,1.9e-24,7510000000000000000
Ra230,230.037056394,34.517809,7.621907,β-1.6h,8.2e-26,320000000000000000
Ra231,231.04122,38.396,7.607,β-1.72min,4.43e-24,17500000000000000000
Ra232,232.043638,40.649,7.599,β-4.17min,1.82e-24,7190000000000000000
Ra233,233.04806,44.767,7.584,β-30s,1.5e-23,60000000000000000000
Ra234,234.050704,47.23,7.575,β-30s,1.5e-23,60000000000000000000
Ac206,206.01450498,13.511303,7.667724,α22ms,1.4e-20,92000000000000008388608
Ac207,207.011949748,11.131119,7.681172,α27ms,1.2e-20,75000000000000002097152
Ac208,208.011551551,10.760201,7.684831,α95ms,3.3e-21,20999999999999997902848
Ac209,209.009494863,8.844409,7.695847,α100ms,3.16e-21,20000000000000000000000
Ac210,210.009435986,8.789565,7.697896,α350ms,1.3e-21,5680000000000000000000
Ac211,211.007734835,7.204953,7.707176,α210ms,1.51e-21,9420000000000000000000
Ac212,212.007813822,7.278529,7.708546,α930ms,3.4e-22,2120000000000000000000
Ac213,213.006607643,6.15498,7.715524,α738ms,4.28e-22,2660000000000000000000
Ac214,214.006901798,6.428984,7.715907,α8.2s,5.7e-23,230000000000000000000
Ac215,215.006453625,6.011514,7.719501,α170ms,2.68e-21,11400000000000000000000
Ac216,216.008720075,8.122698,7.711356,α440µs,1.04e-18,4389999999999999802867712
Ac217,217.009346914,8.706595,7.710324,α69ns,6.6e-15,28000000000000001471563169792
Ac218,218.011641453,10.843944,7.702176,α1.08µs,4.22e-16,1770000000000000020770193408
Ac219,219.012420389,11.569518,7.700548,α11.8µs,3.87e-17,162000000000000000503316480
Ac220,220.014762979,13.751627,7.692315,α26.36ms,1.731e-20,71970000000000003670016
Ac221,221.015591248,14.523155,7.690539,α52ms,8.8e-21,36000000000000000000000
Ac222,222.017843851,16.621441,7.682802,α5.0s,9.1e-23,380000000000000000000
Ac223,223.019137468,17.826437,7.679141,α2.10min,2.51e-24,14900000000000000000
Ac224,224.021722866,20.23472,7.67014,β+2.8h,4.56e-26,187000000000000000
Ac225,225.023229585,21.63822,7.665686,α10d,5.3e-28,2200000000000000
Ac226,226.026098089,24.310214,7.655658,β-1.223d,4.315e-27,17470000000000000
Ac227,227.027752127,25.850941,7.650701,β-21.758y,4.6055e-31,2677900000000
Ac228,228.031021112,28.895981,7.639191,β-6.14h,2.06e-26,82800000000000000
Ac229,229.033015243,30.753502,7.632966,β-1.044h,1.21e-25,484200000000000000
Ac230,230.036294178,33.807809,7.621593,β-2.03min,3.74e-24,14900000000000000000
Ac231,231.038558786,35.917278,7.614407,β-7.50min,1e-24,4010000000000000000
Ac232,232.042027438,39.148307,7.60245,β-1.98min,3.83e-24,15100000000000000000
Ac233,233.04455,41.498,7.594,β-2.42min,3.15e-24,12400000000000000000
Ac234,234.04842,45.103,7.581,β-44s,1e-23,41000000000000000000
Ac235,235.051232,47.722,7.572,β-1.0min,5.3e-24,30000000000000000000
Ac236,236.055296,51.508,7.558,β-1.7min,4e-24,13000000000000000000
Th210,210.015075342,14.042591,7.669156,α9ms,4e-20,199999999999999983222784
Th209,209.017715682,16.502052,7.655464,α3.8ms,8.3e-20,530000000000000012582912
Th211,211.014928413,13.905728,7.671711,α40.0ms,7.91e-21,49500000000000001048576
Th212,212.012980288,12.091061,7.682156,α30ms,1.1e-20,65999999999999995805696
Th213,213.01301014,12.118868,7.683852,α144ms,2.2e-21,13600000000000000000000
Th214,214.01149977,10.711967,7.692237,α100ms,4.56e-21,19500000000000001048576
Th215,215.01173033,10.926733,7.693001,α1.2s,3.8e-22,1600000000000000000000
Th216,216.011062115,10.304294,7.697634,α26.0ms,1.22e-20,74300000000000001048576
Th217,217.013114328,12.215918,7.690547,α241.0µs,1.312e-18,7980999999999999964348416
Th218,218.013284499,12.374432,7.691567,α117ns,2.7e-15,16400000000000000987574042624
Th219,219.015536895,14.472525,7.68372,α1.05µs,4.35e-16,1820000000000000117641838592
Th220,220.015747762,14.668946,7.684589,α9.7µs,4.7e-17,200000000000000009529458688
Th221,221.018183674,16.937984,7.676072,α1.68ms,2.72e-19,1130000000000000029360128
Th222,222.018468121,17.202945,7.676659,α2.237ms,1.414e-19,840500000000000061865984
Th223,223.020811448,19.385739,7.66864,α600ms,7.6e-22,3120000000000000000000
Th224,224.021466895,19.996285,7.667712,α810ms,3.9e-22,2300000000000000000000
Th225,225.023951021,22.310233,7.659222,α8.72min,8.72e-25,3540000000000000000
Th226,226.024903069,23.19706,7.657121,α30.57min,2.487e-25,1007000000000000000
Th227,227.02770407,25.806176,7.647452,α18.68d,2.827e-28,1139000000000000
Th228,228.028741127,26.772188,7.645074,α1.9103y,5.2454e-30,30366000000000
Th229,229.03176243,29.586514,7.634646,α7875y,1.272e-33,7334000000
Th230,230.033133843,30.863976,7.63099,α75390y,1.918e-34,762800000
Th231,231.036304343,33.817278,7.620112,β-1.0633d,4.966e-27,19670000000000000
Th232,232.038055325,35.448307,7.615026,α1.40e10y,7.16e-40,4070
Th233,233.041581843,38.733238,7.602886,β-21.83min,2.414e-25,1368000000000000000
Th234,234.04360123,40.614285,7.596849,β-24.1d,2.19e-28,860000000000000
Th235,235.047510074,44.25535,7.583374,β-7.17min,1.1e-24,4130000000000000000
Th236,236.04987,46.454,7.576,β-37.3min,1.41e-25,790000000000000000
Th237,237.053894,50.202,7.562,β-4.7min,1.1e-24,6200000000000000000
Th238,238.056496,52.625,7.554,β-9.33min,8.1e-25,3120000000000000000
Pa214,214.020918417,19.48538,7.647584,α17ms,2.7e-20,110000000000000004194304
Pa212,212.023204138,21.614516,7.633543,α5.1ms,6.2e-20,390000000000000004194304
Pa213,213.02110934,19.663224,7.64476,α5.3ms,6e-20,370000000000000012582912
Pa215,215.019185865,17.871519,7.657061,α14ms,3.3e-20,140000000000000008388608
Pa216,216.019109564,17.800445,7.659308,α150ms,2.11e-21,12899999999999998951424
Pa217,217.018323986,17.068683,7.664579,α3.6ms,8.8e-20,530000000000000012582912
Pa218,218.020041889,18.6689,7.659104,α113µs,4.04e-18,16899999999999999018532864
Pa219,219.019883143,18.521029,7.661662,α53ns,8.6e-15,35999999999999999378840354816
Pa220,220.021875303,20.376714,7.655089,α780ns,5.85e-16,2419999999999999905712046080
Pa221,221.021877983,20.379211,7.656961,α5.9µs,7.7e-17,320000000000000028991029248
Pa222,222.023742,22.116,7.651,α3.3ms,9.6e-20,569999999999999995805696
Pa223,223.023962273,22.320714,7.651971,α5.1ms,8.9e-20,359999999999999983222784
Pa224,224.025625738,23.870222,7.646925,α850ms,3.72e-22,2190000000000000000000
Pa225,225.026130678,24.34057,7.646721,α1.7s,2.7e-22,1100000000000000000000
Pa226,226.027947753,26.033165,7.64111,α1.8min,2.9e-24,17000000000000000000
Pa227,227.028805072,26.831753,7.639488,α38min,1.99e-25,799000000000000000
Pa228,228.031051376,28.924171,7.632204,β+22h,5.8e-27,24000000000000000
Pa229,229.032096793,29.897971,7.629869,e1.5d,3.5e-27,14000000000000000
Pa230,230.034540754,32.174506,7.621891,β+17d,3.03e-28,1210000000000000
Pa231,231.03588399,33.425722,7.61842,α32730y,3.061e-34,1749000000
Pa232,232.038591592,35.947837,7.609501,β-1.32d,2.77e-27,15800000000000000
Pa233,233.040247277,37.490098,7.604864,β-26.975d,1.3568e-28,768550000000000
Pa234,234.043308058,40.341197,7.594673,β-6.7h,1.9e-26,74000000000000000
Pa235,235.045443615,42.330456,7.588236,β-24.43min,3.111e-25,1211000000000000000
Pa236,236.048681284,45.346325,7.577504,β-9.17min,8.4e-25,3230000000000000000
Pa237,237.051145659,47.641875,7.569902,β-8.67min,8.7e-25,3390000000000000000
Pa238,238.05450271,50.768948,7.55887,β-2.27min,3.35e-24,12900000000000000000
Pa239,239.05726,53.337,7.55,β-1.8h,7e-26,270000000000000000
Pa240,240.06098,56.803,7.538,β-1.7min,4e-24,13000000000000000000
U217,217.024368791,22.699383,7.635026,α16ms,2e-20,120000000000000000000000
U218,218.023535671,21.923337,7.640587,α510µs,6.2e-19,3750000000000000071303168
U219,219.02491916,23.212048,7.636669,α42µs,7.5e-18,45000000000000003003121664
U220,220.024723,23.029,7.639,α60ns,7.6e-15,31000000000000000686792114176
U221,221.026399,24.591,7.634,α700ns,6.52e-16,2699999999999999733510701056
U222,222.026086,24.299,7.638,α1.0µs,3.2e-16,1900000000000000107709726720
U223,223.0277386,25.83834,7.632688,α18µs,1.8e-17,100000000000000004764729344
U224,224.027604778,25.713685,7.635203,α900µs,3.5e-19,2100000000000000125829120
U225,225.029390717,27.377277,7.629747,α84ms,3.8e-21,22000000000000000000000
U226,226.029338702,27.328826,7.631916,α350ms,9.03e-22,5280000000000000000000
U227,227.031156367,29.02197,7.626393,α1.1min,6.9e-24,28000000000000000000
U228,228.031374006,29.224699,7.627455,α9.17min,8.4e-25,3340000000000000000
U229,229.033505939,31.210582,7.620721,β+58min,1.3e-25,530000000000000000
U230,230.033939784,31.614706,7.620923,α21d,2.54e-28,1010000000000000
U231,231.036293704,33.807368,7.613381,e4.2d,1.3e-27,5000000000000000
U232,232.037156152,34.610734,7.611892,α68.8y,2.1e-31,827000000000
U233,233.039635207,36.919958,7.603953,α159100y,6.298e-35,356800000
U234,234.040952088,38.146625,7.600708,α245300y,4.084e-35,230400000
U235,235.043929918,40.920456,7.590907,α7.03e8y,2.05e-38,79800
U236,236.045568006,42.446325,7.586477,α2.341e7y,4.281e-37,2394000
U237,237.048730184,45.391875,7.576094,β-6.75d,7.82e-28,3020000000000000
U238,238.050788247,47.308948,7.57012,α4.47e9y,3.236e-39,12440
U239,239.054293299,50.573883,7.558557,β-23.45min,3.243e-25,1241000000000000000
U240,240.056591988,52.715098,7.551771,β-14.1h,8.99e-27,34300000000000000
U241,241.06033,56.197,7.539,β-5.0min,2e-24,6200000000000000000
U242,242.062931,58.62,7.532,β-16.83min,4.53e-25,1716000000000000000
Np226,226.035145,32.738,7.605,α35ms,1.3e-20,52999999999999997902848
Np225,225.033913933,31.590626,7.607544,α2µs,2e-16,899999999999999956983218176
Np227,227.034956789,32.56204,7.607351,α510ms,8.95e-22,3600000000000000000000
Np228,228.03618,33.701,7.604,e1.02min,7.43e-24,29800000000000000000
Np229,229.036263808,33.779521,7.606087,β+4.00min,1.9e-24,7510000000000000000
Np230,230.037827597,35.236181,7.601776,β+4.67min,1.7e-24,6500000000000000000
Np232,232.040108,37.361,7.597,β+14.7min,5.17e-25,2044000000000000000
Np233,233.040740546,37.949575,7.596176,β+36.17min,2.1e-25,825600000000000000
Np234,234.042895038,39.956471,7.58963,β+4.4d,1.2e-27,4700000000000000
Np231,231.038245085,35.625068,7.602125,β+48.83min,1.56e-25,617700000000000000
Np235,235.044063267,41.044669,7.587049,e1.084y,1.333e-29,51900000000000
Np236,236.0465696,43.379304,7.579209,e153000y,6.55e-35,367000000
Np237,237.048173444,44.873275,7.574982,α2.142e6y,4.677e-36,26040000
Np238,238.050946405,47.456272,7.566214,β-2.117d,2.494e-27,9586000000000000
Np239,239.052939025,49.312385,7.560561,β-2.356d,2.241e-27,8577000000000000
Np240,240.056162182,52.314736,7.55018,β-1.031h,1.23e-25,468000000000000000
Np241,241.058252431,54.261791,7.544263,β-13.9min,5.47e-25,2100000000000000000
Np242,242.06164118,57.41839,7.533397,β-2.17min,3.5e-24,13100000000000000000
Np243,243.064279,59.875,7.525,β-1.85min,4.11e-24,15500000000000000000
Np244,244.06785,63.202,7.514,β-2.28min,2.3e-24,12400000000000000000
Pu228,228.038742328,36.088247,7.590489,α1.1s,2.9e-22,1700000000000000000000
Pu229,229.040150212,37.399683,7.586862,α1.5min,3.5e-24,20000000000000000000
Pu230,230.039649886,36.933632,7.590994,α1.70min,3.1e-24,17800000000000000000
Pu231,231.041101107,38.285435,7.587222,β+8.67min,8.7e-25,3520000000000000000
Pu232,232.041187097,38.365534,7.588963,e33.8min,1.56e-25,887000000000000000
Pu233,233.042997375,40.051797,7.583796,β+20.8min,2.52e-25,1430000000000000000
Pu234,234.043317076,40.349597,7.584607,e8.9h,1.4e-26,56000000000000000
Pu235,235.04528605,42.183684,7.578873,β+25.33min,3.01e-25,1170000000000000000
Pu236,236.046057964,42.902718,7.577913,α2.856y,3.508e-30,19620000000000
Pu237,237.048409658,45.093307,7.570752,e45.3d,1.17e-28,451000000000000
Pu238,238.049559894,46.164745,7.568354,α87.8y,1.65e-31,634000000000
Pu239,239.052163381,48.589877,7.560311,α24094y,4.1589e-34,2296600000
Pu240,240.053813545,50.126995,7.556036,α6556y,1.528e-33,8404000000
Pu241,241.056851456,52.956791,7.546432,β-14.281y,7.0168e-31,3842500000000
Pu242,242.058742611,54.71839,7.541321,α374000y,3.86e-35,145000000
Pu243,243.062003092,57.755509,7.531004,β-4.9556h,2.557e-26,96255000000000000
Pu245,245.067747154,63.106068,7.513576,β-10.5h,1.21e-26,45100000000000000
Pu244,244.064203907,59.805555,7.524817,α7.9e7y,1.8e-37,690000
Pu246,246.070204627,65.39519,7.506538,β-10.84d,4.871e-28,1811000000000000
Pu247,247.07407,68.996,7.494,β-2.27d,2.33e-27,8610000000000000
Am231,231.04556,42.439,7.566,β+30s,1.5e-23,61000000000000000000
Am232,232.04659,43.398,7.564,β+1.31min,5.8e-24,23000000000000000000
Am233,233.046348,43.173,7.567,β+3.17min,2.4e-24,9230000000000000000
Am234,234.047809,44.534,7.563,β+2.32min,3.28e-24,12800000000000000000
Am235,235.047946,44.662,7.565,β+9.83min,7.7e-25,2980000000000000000
Am236,236.049579,46.183,7.561,β+3.7min,1.5e-24,8200000000000000000
Am237,237.049996,46.571,7.561,β+1.2h,1e-25,400000000000000000
Am238,238.051984324,48.423087,7.555578,β+1.6h,7.8e-26,300000000000000000
Am239,239.053024479,49.391985,7.553681,e11.9h,1.06e-26,40800000000000000
Am240,240.055300179,51.511785,7.547006,β+2.12d,2.49e-27,9500000000000000
Am241,241.056829144,52.936008,7.543272,α432.2y,3.345e-32,126900000000
Am242,242.059549159,55.469685,7.534984,β-16.019h,7.911e-27,29900000000000000
Am243,243.06138108,57.176109,7.530169,α7380y,1.96e-33,7370000000
Am244,244.064284847,59.880951,7.521301,β-10.1h,1.25e-26,47000000000000000
Am245,245.066452114,61.899746,7.515306,β-2.050h,6.18e-26,232000000000000000
Am246,246.069774619,64.99464,7.504986,β-38min,1.9e-25,720000000000000000
Am247,247.072093,67.154,7.499,β-23min,3.3e-25,1200000000000000000
Am248,248.075752,70.562,7.487,β-10min,5.3e-25,2800000000000000000
Am249,249.07848,73.104,7.479,β-1.0min,8e-24,27000000000000000000
Cm234,234.050159841,46.723592,7.550681,α51s,8.9e-24,35000000000000000000
Cm233,233.050771232,47.293098,7.546002,α1.0min,8e-24,29000000000000000000
Cm235,235.051434,47.91,7.548,β+5.0min,2e-24,6400000000000000000
Cm236,236.051413,47.89,7.55,β+10min,7.6e-25,2930000000000000000
Cm237,237.052901,49.277,7.546,β+20min,3.8e-25,1500000000000000000
Cm238,238.053028697,49.395914,7.548203,e2.4h,5.3e-26,210000000000000000
Cm239,239.054957,51.192,7.543,β+2.8h,3e-26,170000000000000000
Cm240,240.055529539,51.725434,7.542856,α27d,2e-28,740000000000000
Cm241,241.057653001,53.703425,7.536841,e32.8d,1.61e-28,611000000000000
Cm242,242.058835824,54.805218,7.534497,α162.8d,3.244e-29,122600000000000
Cm243,243.061389114,57.183593,7.526918,α29.1y,4.97e-31,1880000000000
Cm244,244.062752578,58.453651,7.523944,α18.1y,7.99e-31,2990000000000
Cm245,245.065491249,61.004706,7.515766,α8600y,1.7e-33,6300000000
Cm246,246.067223662,62.618439,7.511465,α4800y,3.04e-33,11300000000
Cm247,247.07035354,65.533901,7.501928,α1.56e7y,9.27e-37,3400000
Cm248,248.072348508,67.392202,7.496731,α350000y,4.15e-35,154000000
Cm249,249.075953413,70.75015,7.485552,β-1.069h,1.185e-25,435400000000000000
Cm250,250.078356959,72.989038,7.47894,SF8299y,1.742e-33,6372000000
Cm251,251.082284605,76.647617,7.466724,β-16.83min,4.53e-25,1654000000000000000
Cm252,252.08487,79.056,7.46,β-2d,2e-27,10000000000000000
Bk236,236.05733,53.403,7.523,β+1.0min,8e-24,28000000000000000000
Bk235,235.05658,52.704,7.524,β+20s,2.3e-23,88000000000000000000
Bk237,237.057003,53.098,7.527,β+1.0min,8e-24,28000000000000000000
Bk238,238.058281,54.288,7.524,β+2.40min,2.2e-24,12200000000000000000
Bk239,239.058279,54.287,7.527,β+3.3min,3e-24,8400000000000000000
Bk240,240.059759,55.665,7.523,β+4.83min,1.6e-24,5970000000000000000
Bk241,241.06023,56.103,7.524,α4.67min,1.7e-24,6200000000000000000
Bk242,242.061981,57.735,7.519,β+7.00min,1.1e-24,4080000000000000000
Bk243,243.063007572,58.691176,7.517495,β+4.4h,2.8e-26,110000000000000000
Bk244,244.065180774,60.715501,7.511468,β+4.36h,2.02e-26,109000000000000000
Bk245,245.066361616,61.815448,7.509264,e4.94d,1.07e-27,3990000000000000
Bk246,246.068672947,63.968439,7.502797,β+1.9d,2.9e-27,11000000000000000
Bk247,247.07030708,65.490624,7.498936,α1380y,1.05e-32,38800000000
Bk248,248.073086,68.08,7.491,α9.5y,2e-30,6100000000000
Bk249,249.074986657,69.849622,7.486027,β-330d,1.6e-29,58800000000000
Bk250,250.07831652,72.95137,7.475961,β-3.2111h,3.946e-26,144370000000000000
Bk251,251.080760172,75.227617,7.469264,β-55.67min,1.37e-25,498600000000000000
Bk252,252.08431,78.534,7.459,β-1.83min,4.2e-24,14900000000000000000
Bk253,253.08688,80.929,7.451,β-10min,7.6e-25,2740000000000000000
Bk254,254.0906,84.393,7.44,β-1.0min,8e-24,26000000000000000000
Cf238,238.06141,57.203,7.509,SF21.1ms,2.16e-20,83200000000000000000000
Cf237,237.06207,57.818,7.504,SF2.1s,2.2e-22,850000000000000000000
Cf239,239.062422,58.145,7.507,α39s,8.1e-24,45000000000000000000
Cf240,240.062302,58.034,7.51,α57.6s,5.49e-24,30200000000000000000
Cf241,241.063726,59.361,7.507,β+3.78min,1.39e-24,7630000000000000000
Cf242,242.063701552,59.337614,7.509302,α3.7min,1.4e-24,7800000000000000000
Cf244,244.066000689,61.479247,7.505132,α19.3min,2.72e-25,1470000000000000000
Cf245,245.068048612,63.386875,7.499657,β+45min,1.7e-25,630000000000000000
Cf246,246.068805309,64.091733,7.499115,α1.49d,2.46e-27,13200000000000000
Cf243,243.065427,60.945,7.505,β+10.7min,7.11e-25,2680000000000000000
Cf247,247.071000589,66.136624,7.493153,e3.11h,4.08e-26,150000000000000000
Cf248,248.072184861,67.239766,7.491036,α333.4d,1.097e-29,58400000000000
Cf249,249.074853537,69.725622,7.483383,α352y,2.86e-32,151000000000
Cf250,250.076406066,71.171793,7.47995,α13.07y,7.666e-31,4047000000000
Cf251,251.079586788,74.134617,7.470502,α897y,1.12e-32,58700000000
Cf252,252.081625846,76.033987,7.465349,α2.643y,3.791e-30,19850000000000
Cf253,253.085133145,79.301015,7.454831,β-17.81d,2.965e-28,1070000000000000
Cf254,254.087322909,81.340767,7.449228,SF60.5d,8.73e-29,314000000000000
Cf255,255.091046,84.809,7.438,β-1.4h,8.9e-26,320000000000000000
Cf256,256.09344,87.039,7.432,SF12.3min,6.18e-25,2218000000000000000
Es240,240.06892,64.199,7.481,α1s,5e-22,3000000000000000000000
Es241,241.068538,63.843,7.485,α8s,4e-23,200000000000000000000
Es242,242.069745,64.967,7.483,???13.5s,3.38e-23,128000000000000000000
Es243,243.069548,64.783,7.486,β+21s,2.2e-23,83000000000000000000
Es244,244.070883,66.027,7.483,β+37s,1.2e-23,47000000000000000000
Es245,245.071324,66.438,7.484,β+1.1min,6.9e-24,26000000000000000000
Es246,246.072896,67.902,7.48,β+7.67min,9.9e-25,3650000000000000000
Es247,247.073656,68.61,7.48,β+4.55min,1.16e-24,6190000000000000000
Es248,248.075471,70.301,7.476,β+27min,2.8e-25,1100000000000000000
Es249,249.076411,71.176,7.474,β+1.703h,7.44e-26,273300000000000000
Es250,250.078612,73.227,7.469,β+8.6h,1.5e-26,54000000000000000
Es252,252.082978512,77.293987,7.457244,α1.291y,1.119e-29,40600000000000
Es251,251.079992142,74.512202,7.465881,e1.4d,3.8e-27,14000000000000000
Es253,253.084824697,79.013697,7.452874,α20.47d,2.58e-28,932400000000000
Es254,254.088022021,81.991986,7.443584,α275.7d,1.915e-29,68960000000000
Es255,255.090273122,84.088873,7.437822,β-39.8d,1.33e-28,476000000000000
Es256,256.093598,87.186,7.428,β-25.3min,2.07e-25,1070000000000000000
Es257,257.095979,89.403,7.422,β-7.8d,6.9e-28,2400000000000000
Es258,258.09952,92.702,7.412,β-3.3min,3e-24,7800000000000000000
Fm243,243.074353,69.259,7.464,α180ms,1.76e-21,9539999999999998951424
Fm242,242.07343,68.4,7.465,SF800µs,5.7e-19,2159999999999999899336704
Fm244,244.074084,69.009,7.468,SF3.3ms,1.4e-19,510000000000000020971520
Fm245,245.075385,70.221,7.465,α4.3s,1.1e-22,400000000000000000000
Fm246,246.075299023,70.140589,7.468166,???1.1s,4.1e-22,1500000000000000000000
Fm247,247.076847,71.583,7.465,β+29s,1.1e-23,58000000000000000000
Fm248,248.077194714,71.906414,7.46591,α36s,1.3e-23,47000000000000000000
Fm249,249.079034,73.619,7.461,β+2.7min,2e-24,11000000000000000000
Fm250,250.079521264,74.073581,7.462084,α30min,2.5e-25,930000000000000000
Fm251,251.081575017,75.98664,7.45689,β+5.3h,2.4e-26,86000000000000000
Fm252,252.082466855,76.817382,7.456031,α1.06d,4.991e-27,18110000000000000
Fm253,253.085185236,79.349538,7.448455,e3.0d,1.8e-27,6400000000000000
Fm254,254.08685422,80.904186,7.444786,α3.239h,2.711e-26,140800000000000000
Fm255,255.089962202,83.799253,7.43589,α20.069h,6.315e-27,22660000000000000
Fm256,256.091773117,85.486109,7.431783,SF2.627h,4.825e-26,172400000000000000
Fm257,257.095104724,88.589481,7.422196,α100.5d,5.254e-29,186900000000000
Fm258,258.097076,90.426,7.418,SF370µs,1.23e-18,4369999999999999878365184
Fm259,259.100595,93.704,7.407,SF1.5s,3e-22,1100000000000000000000
Fm260,260.102678,95.644,7.403,SF4ms,8e-20,399999999999999966445568
Md245,245.080829,75.292,7.441,SF900µs,5.07e-19,1890000000000000113246208
Md246,246.081886,76.276,7.44,α1.0s,4.6e-22,1700000000000000000000
Md247,247.081635,76.043,7.444,SF1.12s,2.82e-22,1510000000000000000000
Md248,248.082823,77.149,7.442,β+7.0s,6.5e-23,240000000000000000000
Md249,249.083013,77.326,7.443,α24s,1.9e-23,69000000000000000000
Md250,250.08442,78.636,7.441,β+52s,8.9e-24,32000000000000000000
Md251,251.084839,79.027,7.442,β+4.00min,1.9e-24,6850000000000000000
Md252,252.08656,80.63,7.438,α2.33min,3.3e-24,12000000000000000000
Md253,253.08728,81.301,7.438,β+7min,9e-25,5000000000000000000
Md254,254.089656,83.514,7.431,β+10min,7.6e-25,2720000000000000000
Md255,255.091082705,84.842994,7.428729,β+27min,2.8e-25,1000000000000000000
Md256,256.094059025,87.615418,7.420409,β+1.3h,9.9e-26,350000000000000000
Md257,257.095541368,88.996213,7.417569,e5.53h,2.3e-26,81600000000000000
Md258,258.098431319,91.688184,7.409669,α51.5d,1.03e-28,363000000000000
Md259,259.100509,93.624,7.405,SF1.6h,7.9e-26,280000000000000000
Md260,260.103652,96.551,7.396,e31.8d,1.15e-28,584000000000000
Md261,261.105721,98.478,7.391,α40min,1.9e-25,660000000000000000
Md262,262.108865,101.407,7.383,SF3.3min,3e-24,7700000000000000000
No248,248.086596,80.664,7.424,SF2µs,2e-16,800000000000000038117834752
No249,249.087833,81.816,7.422,β+57µs,8e-18,28999999999999998976589824
No250,250.08751,81.516,7.426,SF4.2µs,7.5e-17,400000000000000019058917376
No251,251.089012,82.914,7.423,α800ms,3.95e-22,2080000000000000000000
No252,252.088976521,82.881097,7.42576,α2.44s,1.87e-22,679000000000000000000
No253,253.090678,84.466,7.422,α1.62min,4.69e-24,17000000000000000000
No254,254.090955253,84.724274,7.423586,α51s,8.9e-24,32000000000000000000
No255,255.093241131,86.853555,7.417776,α3.2min,1.7e-24,8800000000000000000
No256,256.094282666,87.823739,7.416539,α2.91s,1.57e-22,560000000000000000000
No257,257.09687719,90.240522,7.409683,α25s,1.8e-23,65000000000000000000
No258,258.098207,91.479,7.407,SF1.2ms,3.8e-19,1400000000000000083886080
No259,259.101031,94.109,7.4,α58min,1.3e-25,460000000000000000
No260,260.102643,95.611,7.397,SF106ms,4.3e-21,15100000000000001048576
No261,261.105749,98.504,7.388,α2.8h,4e-26,120000000000000000
No262,262.107301,99.951,7.385,SF5ms,9e-20,300000000000000008388608
No263,263.110552,102.979,7.376,α20min,3.8e-25,1300000000000000000
No264,264.112345,104.649,7.373,α1.0min,8e-24,25000000000000000000
Lr251,251.09436,87.896,7.4,β+150µs,3.04e-18,11100000000000000511705088
Lr252,252.095371,88.837,7.399,β+360ms,8.78e-22,4600000000000000000000
Lr253,253.09521,88.687,7.402,α570ms,5.55e-22,2890000000000000000000
Lr254,254.096454,89.847,7.4,α13s,3.5e-23,120000000000000000000
Lr255,255.096681,90.057,7.402,α22s,2.1e-23,74000000000000000000
Lr256,256.098629,91.872,7.398,α27s,1.7e-23,60000000000000000000
Lr257,257.099555,92.735,7.397,α646ms,7.06e-22,2510000000000000000000
Lr258,258.101814,94.839,7.391,α4.1s,1.1e-22,400000000000000000000
Lr259,259.102901,95.852,7.39,α6.2s,7.4e-23,260000000000000000000
Lr260,260.105504,98.276,7.383,α3.00min,2.5e-24,8900000000000000000
Lr261,261.106883,99.561,7.381,SF38min,1.9e-25,680000000000000000
Lr262,262.109634,102.123,7.374,SF3h,2e-26,100000000000000000
Lr263,263.111293,103.669,7.371,α5.6h,3e-26,76000000000000000
Lr264,264.114038,106.226,7.364,α10h,1.3e-26,44000000000000000
Lr265,265.115839,107.903,7.36,α10h,1.3e-26,44000000000000000
Lr266,266.119305,111.132,7.351,α1.1h,1e-25,450000000000000000
Rf253,253.100689,93.791,7.379,α13ms,3.5e-20,129999999999999995805696
Rf254,254.100184,93.32,7.384,SF23µs,2e-17,72000000000000003087007744
Rf255,255.10134,94.397,7.382,SF1.68s,1.88e-22,974000000000000000000
Rf256,256.101166194,94.235704,7.385381,SF6.45ms,7.07e-20,252999999999999997902848
Rf257,257.10299,95.934,7.381,α4.7s,9.7e-23,340000000000000000000
Rf258,258.103489,96.399,7.382,SF12ms,3.8e-20,140000000000000008388608
Rf259,259.105637,98.4,7.377,α3.2s,9.9e-23,500000000000000000000
Rf260,260.10644,99.149,7.377,SF21ms,2.2e-20,76999999999999997902848
Rf261,261.108766556,101.315395,7.371396,α1.1min,4.9e-24,25000000000000000000
Rf262,262.109925,102.394,7.37,SF2.3s,2e-22,700000000000000000000
Rf263,263.112547,104.837,7.363,SF10min,5.3e-25,2600000000000000000
Rf264,264.113985,106.176,7.361,α1.1h,1e-25,460000000000000000
Rf265,265.116704,108.709,7.354,α13h,9.7e-27,33000000000000000
Rf266,266.117956,109.876,7.352,α10h,1.3e-26,44000000000000000
Rf267,267.121529,113.204,7.343,α5.6h,3e-26,75000000000000000
Rf268,268.123644,115.174,7.338,α1.1h,1e-25,450000000000000000
Db255,255.107398,100.041,7.357,α1.6s,2e-22,1000000000000000000000
Db256,256.108127,100.72,7.357,β+1.6s,2e-22,1000000000000000000000
Db257,257.107722,100.342,7.361,α1.50s,2.11e-22,1080000000000000000000
Db258,258.109231,101.748,7.359,α4.0s,7.9e-23,400000000000000000000
Db259,259.10961,102.101,7.36,α510ms,8.95e-22,3160000000000000000000
Db260,260.1113,103.676,7.357,α1.52s,3e-22,1060000000000000000000
Db261,261.112056,104.379,7.357,α1.8s,2.5e-22,890000000000000000000
Db262,262.114084,106.269,7.352,α35s,1.3e-23,46000000000000000000
Db263,263.114988,107.111,7.352,SF27s,1.2e-23,59000000000000000000
Db264,264.117404,109.361,7.346,α3.3min,3e-24,7600000000000000000
Db265,265.118601,110.476,7.344,α15min,5.1e-25,1700000000000000000
Db266,266.121029,112.738,7.339,α20min,3.8e-25,1300000000000000000
Db267,267.122377,113.994,7.337,α1.9h,6e-26,230000000000000000
Db268,268.125445,116.851,7.329,α5.6h,2e-26,75000000000000000
Db269,269.12746,118.728,7.325,α2.8h,4e-26,110000000000000000
Db270,270.130712,121.757,7.316,α1.1h,1e-25,450000000000000000
Sg258,258.113168,105.415,7.341,SF2.9ms,1.1e-19,560000000000000033554432
Sg259,259.1145,106.656,7.339,α480ms,6.59e-22,3360000000000000000000
Sg260,260.114422071,106.583474,7.342424,SF3.6ms,8.8e-20,449999999999999979028480
Sg261,261.116117,108.162,7.339,α230ms,1.98e-21,6950000000000000524288
Sg262,262.116398,108.424,7.341,SF6.9ms,4.6e-20,230000000000000004194304
Sg263,263.118322,110.216,7.337,α1.0s,4.6e-22,1600000000000000000000
Sg264,264.118931,110.784,7.338,α37ms,8.5e-21,43000000000000002097152
Sg265,265.121114693,112.817611,7.332652,α8.0s,5.7e-23,190000000000000000000
Sg266,266.122065,113.703,7.332,SF21s,2.2e-23,75000000000000000000
Sg267,267.124425,115.901,7.327,α19ms,2.4e-20,83000000000000002097152
Sg268,268.125606,117.001,7.325,α30s,1.5e-23,52000000000000000000
Sg269,269.128755,119.934,7.317,α35s,1.3e-23,45000000000000000000
Sg270,270.130329,121.4,7.315,α10min,7.6e-25,2560000000000000000
Sg271,271.133472,124.329,7.307,α1.9h,6e-26,220000000000000000
Sg272,272.135158,125.898,7.304,α1.1h,1e-25,440000000000000000
Sg273,273.13822,128.751,7.296,SF1.0min,8e-24,24000000000000000000
Bh260,260.12197,113.614,7.312,α300µs,1.52e-18,5349999999999999937085440
Bh261,261.121664,113.329,7.316,α12ms,2.6e-20,129999999999999995805696
Bh262,262.122892,114.473,7.315,α290ms,1.57e-21,5500000000000000000000
Bh263,263.123035,114.606,7.317,α200µs,1.6e-18,7899999999999999706398720
Bh264,264.124604,116.068,7.315,α440ms,7.19e-22,3590000000000000000000
Bh265,265.125147,116.574,7.316,α900ms,3.5e-22,1700000000000000000000
Bh266,266.126942,118.246,7.312,α5.0s,9.1e-23,310000000000000000000
Bh267,267.12765,118.906,7.312,α22s,2.1e-23,70000000000000000000
Bh268,268.129755,120.866,7.308,α25s,1.8e-23,62000000000000000000
Bh269,269.130694,121.741,7.308,α25s,1.8e-23,62000000000000000000
Bh270,270.133616,124.463,7.3,α30s,1.5e-23,52000000000000000000
Bh271,271.135179,125.919,7.298,α40s,1.1e-23,38000000000000000000
Bh272,272.138032,128.576,7.291,α1.7min,4e-24,11000000000000000000
Bh273,273.139618,130.053,7.288,α1.5h,8.4e-26,280000000000000000
Bh274,274.14244,132.682,7.282,α1.5h,8.4e-26,280000000000000000
Bh275,275.14425,134.368,7.278,SF40min,1.9e-25,630000000000000000
Hs263,263.128558,119.751,7.295,α1ms,5e-19,1999999999999999966445568
Hs264,264.128394885,119.599066,7.298239,SF800µs,4e-19,1999999999999999966445568
Hs265,265.130085,121.173,7.295,α2.0ms,1.6e-19,789999999999999970639872
Hs266,266.130097,121.185,7.298,α2.3ms,1.4e-19,679999999999999983222784
Hs267,267.131789,122.761,7.295,α52ms,6.1e-21,30000000000000000000000
Hs268,268.132162,123.108,7.297,α2s,2e-22,700000000000000000000
Hs269,269.134056,124.872,7.293,α27s,1.7e-23,57000000000000000000
Hs270,270.13465,125.426,7.294,α3.6s,8.8e-23,430000000000000000000
Hs271,271.137657,128.226,7.286,α40s,1.1e-23,38000000000000000000
Hs272,272.139052,129.526,7.284,α40s,1.1e-23,38000000000000000000
Hs273,273.141986,132.259,7.277,α50s,9.1e-24,31000000000000000000
Hs274,274.143131,133.325,7.276,α1.0min,8e-24,24000000000000000000
Hs275,275.145952,135.953,7.27,α30min,2.5e-25,840000000000000000
Hs276,276.147208,137.123,7.268,α1.1h,1e-25,440000000000000000
Hs277,277.149841,139.576,7.262,SF40min,1.9e-25,620000000000000000
Mt265,265.136151,126.824,7.271,α2ms,2e-19,799999999999999932891136
Mt266,266.137299,127.893,7.27,α1.2ms,3.8e-19,1299999999999999924502528
Mt267,267.137307,127.901,7.273,α10ms,4.6e-20,160000000000000000000000
Mt268,268.138728,129.224,7.271,α53ms,8.6e-21,30000000000000000000000
Mt269,269.139055,129.529,7.273,α200ms,2.28e-21,7740000000000000000000
Mt270,270.140657,131.021,7.27,α2s,2e-22,700000000000000000000
Mt271,271.141139,131.47,7.272,α5s,9e-23,300000000000000000000
Mt272,272.143738,133.891,7.266,α9.9s,4.6e-23,160000000000000000000
Mt273,273.144913,134.986,7.264,α20s,2.3e-23,76000000000000000000
Mt274,274.147492,137.388,7.259,α20s,2.3e-23,76000000000000000000
Mt275,275.148647,138.463,7.258,α30s,1.5e-23,51000000000000000000
Mt276,276.151156,140.801,7.252,α40s,1.1e-23,38000000000000000000
Mt277,277.15242,141.978,7.251,α1.0min,8e-24,24000000000000000000
Mt278,278.154812,144.207,7.246,α30min,2.5e-25,830000000000000000
Mt279,279.156193,145.493,7.244,α6.7min,0,4300000000000000000
Ds267,267.144341,134.453,7.245,α10µs,4.6e-17,160000000000000014495514624
Ds268,268.143795,133.944,7.25,α100µs,4.56e-18,15599999999999999094030336
Ds269,269.145124,135.183,7.249,α230µs,1.98e-18,6739999999999999790284800
Ds270,270.14472,134.806,7.253,α100µs,3.16e-18,15499999999999998934646784
Ds271,271.146062,136.056,7.252,α1.63ms,1.94e-19,944000000000000033554432
Ds272,272.146317,136.293,7.254,SF1s,5e-22,2000000000000000000000
Ds273,273.148863,138.665,7.248,α170µs,1.86e-18,8990000000000000155189248
Ds274,274.149492,139.251,7.249,α2s,2e-22,700000000000000000000
Ds275,275.152176,141.751,7.243,α2s,2e-22,700000000000000000000
Ds276,276.153034,142.551,7.243,α5s,9e-23,300000000000000000000
Ds277,277.155647,144.984,7.237,α5s,9e-23,300000000000000000000
Ds278,278.156469,145.75,7.237,α9.9s,4.6e-23,150000000000000000000
Ds279,279.158861,147.978,7.232,α9.9s,4.6e-23,150000000000000000000
Ds280,280.159795,148.848,7.232,SF11s,4.1e-23,130000000000000000000
Ds281,281.162061,150.959,7.228,α4.00min,1.9e-24,6120000000000000000
Rg273,273.153682,143.154,7.229,α5ms,9e-20,300000000000000008388608
Rg272,272.153615,143.091,7.226,α2.0ms,2.3e-19,759999999999999949668352
Rg274,274.155713,145.046,7.225,α5ms,9e-20,300000000000000008388608
Rg275,275.156142,145.445,7.227,α10ms,4.6e-20,160000000000000000000000
Rg276,276.158493,147.636,7.222,α100ms,4.56e-21,15100000000000001048576
Rg277,277.159519,148.591,7.221,α1s,5e-22,2000000000000000000000
Rg278,278.161604,150.533,7.217,α1s,5e-22,2000000000000000000000
Rg279,279.162468,151.338,7.218,α3s,2e-22,500000000000000000000
Rg280,280.164473,153.206,7.214,α9.9s,4.6e-23,150000000000000000000
Rg281,281.165372,154.043,7.214,α1.0min,8e-24,24000000000000000000
Rg282,282.167486,156.012,7.21,α3.3min,2e-24,7100000000000000000
Rg283,283.168415,156.878,7.21,α10min,7.6e-25,2440000000000000000
Cn277,277.163943,152.712,7.204,α1.1ms,4.1e-19,1400000000000000083886080
Cn278,278.164312,153.056,7.206,α10ms,4.6e-20,150000000000000004194304
Cn279,279.166546,155.136,7.201,α100ms,4.56e-21,15000000000000000000000
Cn280,280.167039,155.596,7.203,α1s,5e-22,2000000000000000000000
Cn281,281.169286,157.689,7.198,α9.9s,4.6e-23,150000000000000000000
Cn282,282.169765,158.135,7.2,α30s,1.5e-23,50000000000000000000
Cn283,283.171792,160.023,7.196,SF4.17min,1.8e-24,5910000000000000000
Cn284,284.172384,160.574,7.197,α31s,1.5e-23,47000000000000000000
Cn285,285.174105,162.177,7.195,α40min,1.9e-25,600000000000000000
Nh283,283.176451,164.363,7.178,α9.9s,4.6e-23,-
Nh284,284.17808,165.881,7.176,α1.0min,8e-24,-
Nh285,285.178732,166.488,7.177,α1.7min,4e-24,-
Nh286,286.180481,168.117,7.174,α5.0min,2e-24,-
Nh287,287.181045,168.643,7.176,α20min,3.8e-25,-
Fl285,285.183698,171.114,7.158,α5s,9e-23,300000000000000000000
Fl286,286.183855,171.26,7.161,α5s,9e-23,300000000000000000000
Fl287,287.185599,172.884,7.158,α9.9s,4.6e-23,150000000000000000000
Fl288,288.185689,172.968,7.161,α2.8s,1.6e-22,520000000000000000000
Fl289,289.187279,174.449,7.159,α1.3min,5.7e-24,17400000000000000000
Mc290,290.194141,180.842,7.137,α9.9s,4.6e-23,-
Mc287,287.191186,178.088,7.137,α500ms,9.12e-22,-
Mc288,288.192492,179.305,7.136,α1s,5e-22,-
Mc289,289.192715,179.513,7.139,α9.9s,4.6e-23,-
Mc291,291.194384,181.068,7.14,α1.0min,8e-24,-
Lv289,289.198862,185.239,7.116,α10ms,4.6e-20,150000000000000004194304
Lv290,290.19859,184.985,7.12,α15ms,2.1e-20,96000000000000000000000
Lv291,291.200011,186.309,7.119,α6.3ms,5e-20,230000000000000004194304
Lv292,292.199786,186.1,7.123,α18ms,1.8e-20,78999999999999993708544
Ts292,292.207549,193.33,7.096,α50ms,9.1e-21,-
Ts291,291.206564,192.413,7.096,α10ms,4.6e-20,-
Og293,293.21467,199.964,7.074,α5ms,9e-20,-
